Fitter report for cpu_top
Fri Sep 25 19:09:42 2026
Quartus Prime Version 23.1std.0 Build 991 11/28/2023 SC Lite Edition


---------------------
; Table of Contents ;
---------------------
  1. Legal Notice
  2. Fitter Summary
  3. Fitter Settings
  4. Parallel Compilation
  5. Fitter Netlist Optimizations
  6. Incremental Compilation Preservation Summary
  7. Incremental Compilation Partition Settings
  8. Incremental Compilation Placement Preservation
  9. Pin-Out File
 10. Fitter Resource Usage Summary
 11. Fitter Partition Statistics
 12. Input Pins
 13. Output Pins
 14. I/O Bank Usage
 15. All Package Pins
 16. I/O Assignment Warnings
 17. Fitter Resource Utilization by Entity
 18. Delay Chain Summary
 19. Pad To Core Delay Chain Fanout
 20. Control Signals
 21. Global & Other Fast Signals
 22. Non-Global High Fan-Out Signals
 23. Routing Usage Summary
 24. I/O Rules Summary
 25. I/O Rules Details
 26. I/O Rules Matrix
 27. Fitter Device Options
 28. Operating Settings and Conditions
 29. Estimated Delay Added for Hold Timing Summary
 30. Estimated Delay Added for Hold Timing Details
 31. Fitter Messages



----------------
; Legal Notice ;
----------------
Copyright (C) 2023  Intel Corporation. All rights reserved.
Your use of Intel Corporation's design tools, logic functions 
and other software and tools, and any partner logic 
functions, and any output files from any of the foregoing 
(including device programming or simulation files), and any 
associated documentation or information are expressly subject 
to the terms and conditions of the Intel Program License 
Subscription Agreement, the Intel Quartus Prime License Agreement,
the Intel FPGA IP License Agreement, or other applicable license
agreement, including, without limitation, that your use is for
the sole purpose of programming logic devices manufactured by
Intel and sold by Intel or its authorized distributors.  Please
refer to the applicable agreement for further details, at
https://fpgasoftware.intel.com/eula.



+----------------------------------------------------------------------------------+
; Fitter Summary                                                                   ;
+---------------------------------+------------------------------------------------+
; Fitter Status                   ; Successful - Fri Sep 25 19:09:42 2026          ;
; Quartus Prime Version           ; 23.1std.0 Build 991 11/28/2023 SC Lite Edition ;
; Revision Name                   ; cpu_top                                        ;
; Top-level Entity Name           ; cpu_top                                        ;
; Family                          ; Cyclone V                                      ;
; Device                          ; 5CGXFC7C7F23C8                                 ;
; Timing Models                   ; Final                                          ;
; Logic utilization (in ALMs)     ; 2,366 / 56,480 ( 4 % )                         ;
; Total registers                 ; 4256                                           ;
; Total pins                      ; 34 / 268 ( 13 % )                              ;
; Total virtual pins              ; 0                                              ;
; Total block memory bits         ; 0 / 7,024,640 ( 0 % )                          ;
; Total RAM Blocks                ; 0 / 686 ( 0 % )                                ;
; Total DSP Blocks                ; 0 / 156 ( 0 % )                                ;
; Total HSSI RX PCSs              ; 0 / 6 ( 0 % )                                  ;
; Total HSSI PMA RX Deserializers ; 0 / 6 ( 0 % )                                  ;
; Total HSSI TX PCSs              ; 0 / 6 ( 0 % )                                  ;
; Total HSSI PMA TX Serializers   ; 0 / 6 ( 0 % )                                  ;
; Total PLLs                      ; 0 / 13 ( 0 % )                                 ;
; Total DLLs                      ; 0 / 4 ( 0 % )                                  ;
+---------------------------------+------------------------------------------------+


+----------------------------------------------------------------------------------------------------------------------------------------------------+
; Fitter Settings                                                                                                                                    ;
+--------------------------------------------------------------------+---------------------------------------+---------------------------------------+
; Option                                                             ; Setting                               ; Default Value                         ;
+--------------------------------------------------------------------+---------------------------------------+---------------------------------------+
; Device                                                             ; 5CGXFC7C7F23C8                        ;                                       ;
; Minimum Core Junction Temperature                                  ; 0                                     ;                                       ;
; Maximum Core Junction Temperature                                  ; 85                                    ;                                       ;
; Use smart compilation                                              ; Off                                   ; Off                                   ;
; Enable parallel Assembler and Timing Analyzer during compilation   ; On                                    ; On                                    ;
; Enable compact report table                                        ; Off                                   ; Off                                   ;
; Router Timing Optimization Level                                   ; Normal                                ; Normal                                ;
; Perform Clocking Topology Analysis During Routing                  ; Off                                   ; Off                                   ;
; Placement Effort Multiplier                                        ; 1.0                                   ; 1.0                                   ;
; Device initialization clock source                                 ; INIT_INTOSC                           ; INIT_INTOSC                           ;
; Optimize Hold Timing                                               ; All Paths                             ; All Paths                             ;
; Optimize Multi-Corner Timing                                       ; On                                    ; On                                    ;
; Auto RAM to MLAB Conversion                                        ; On                                    ; On                                    ;
; Equivalent RAM and MLAB Power Up                                   ; Auto                                  ; Auto                                  ;
; Equivalent RAM and MLAB Paused Read Capabilities                   ; Care                                  ; Care                                  ;
; Power Optimization During Fitting                                  ; Normal compilation                    ; Normal compilation                    ;
; SSN Optimization                                                   ; Off                                   ; Off                                   ;
; Optimize Timing                                                    ; Normal compilation                    ; Normal compilation                    ;
; Optimize Timing for ECOs                                           ; Off                                   ; Off                                   ;
; Regenerate Full Fit Report During ECO Compiles                     ; Off                                   ; Off                                   ;
; Optimize IOC Register Placement for Timing                         ; Normal                                ; Normal                                ;
; Final Placement Optimizations                                      ; Automatically                         ; Automatically                         ;
; Fitter Aggressive Routability Optimizations                        ; Automatically                         ; Automatically                         ;
; Fitter Initial Placement Seed                                      ; 1                                     ; 1                                     ;
; Periphery to Core Placement and Routing Optimization               ; Off                                   ; Off                                   ;
; Weak Pull-Up Resistor                                              ; Off                                   ; Off                                   ;
; Enable Bus-Hold Circuitry                                          ; Off                                   ; Off                                   ;
; Auto Packed Registers                                              ; Auto                                  ; Auto                                  ;
; Auto Delay Chains                                                  ; On                                    ; On                                    ;
; Auto Delay Chains for High Fanout Input Pins                       ; Off                                   ; Off                                   ;
; Treat Bidirectional Pin as Output Pin                              ; Off                                   ; Off                                   ;
; Perform Physical Synthesis for Combinational Logic for Fitting     ; Off                                   ; Off                                   ;
; Perform Physical Synthesis for Combinational Logic for Performance ; Off                                   ; Off                                   ;
; Perform Register Duplication for Performance                       ; Off                                   ; Off                                   ;
; Perform Register Retiming for Performance                          ; Off                                   ; Off                                   ;
; Perform Asynchronous Signal Pipelining                             ; Off                                   ; Off                                   ;
; Fitter Effort                                                      ; Auto Fit                              ; Auto Fit                              ;
; Physical Synthesis Effort Level                                    ; Normal                                ; Normal                                ;
; Logic Cell Insertion - Logic Duplication                           ; Auto                                  ; Auto                                  ;
; Auto Register Duplication                                          ; Auto                                  ; Auto                                  ;
; Auto Global Clock                                                  ; On                                    ; On                                    ;
; Auto Global Register Control Signals                               ; On                                    ; On                                    ;
; Reserve all unused pins                                            ; As input tri-stated with weak pull-up ; As input tri-stated with weak pull-up ;
; Synchronizer Identification                                        ; Auto                                  ; Auto                                  ;
; Enable Beneficial Skew Optimization                                ; On                                    ; On                                    ;
; Optimize Design for Metastability                                  ; On                                    ; On                                    ;
; Active Serial clock source                                         ; FREQ_100MHz                           ; FREQ_100MHz                           ;
; Force Fitter to Avoid Periphery Placement Warnings                 ; Off                                   ; Off                                   ;
; Clamping Diode                                                     ; Off                                   ; Off                                   ;
; Enable input tri-state on active configuration pins in user mode   ; Off                                   ; Off                                   ;
; Advanced Physical Optimization                                     ; On                                    ; On                                    ;
+--------------------------------------------------------------------+---------------------------------------+---------------------------------------+


+------------------------------------------+
; Parallel Compilation                     ;
+----------------------------+-------------+
; Processors                 ; Number      ;
+----------------------------+-------------+
; Number detected on machine ; 18          ;
; Maximum allowed            ; 14          ;
;                            ;             ;
; Average used               ; 1.33        ;
; Maximum used               ; 14          ;
;                            ;             ;
; Usage by Processor         ; % Time Used ;
;     Processor 1            ; 100.0%      ;
;     Processor 2            ;   3.1%      ;
;     Processor 3            ;   2.8%      ;
;     Processor 4            ;   2.7%      ;
;     Processor 5            ;   2.6%      ;
;     Processor 6            ;   2.5%      ;
;     Processor 7            ;   2.5%      ;
;     Processor 8            ;   2.5%      ;
;     Processor 9            ;   2.4%      ;
;     Processor 10           ;   2.4%      ;
;     Processor 11           ;   2.4%      ;
;     Processor 12           ;   2.4%      ;
;     Processor 13           ;   2.4%      ;
;     Processor 14           ;   2.4%      ;
+----------------------------+-------------+


+----------------------------------------------------------------------------------------------------------------------------------------------------------------+
; Fitter Netlist Optimizations                                                                                                                                   ;
+------------------+---------+-----------+----------------------------+-----------+----------------+------------------+------------------+-----------------------+
; Node             ; Action  ; Operation ; Reason                     ; Node Port ; Node Port Name ; Destination Node ; Destination Port ; Destination Port Name ;
+------------------+---------+-----------+----------------------------+-----------+----------------+------------------+------------------+-----------------------+
; clk~inputCLKENA0 ; Created ; Placement ; Fitter Periphery Placement ;           ;                ;                  ;                  ;                       ;
+------------------+---------+-----------+----------------------------+-----------+----------------+------------------+------------------+-----------------------+


+---------------------------------------------------------------------------------------------------+
; Incremental Compilation Preservation Summary                                                      ;
+---------------------+---------------------+----------------------------+--------------------------+
; Type                ; Total [A + B]       ; From Design Partitions [A] ; From Rapid Recompile [B] ;
+---------------------+---------------------+----------------------------+--------------------------+
; Placement (by node) ;                     ;                            ;                          ;
;     -- Requested    ; 0.00 % ( 0 / 6326 ) ; 0.00 % ( 0 / 6326 )        ; 0.00 % ( 0 / 6326 )      ;
;     -- Achieved     ; 0.00 % ( 0 / 6326 ) ; 0.00 % ( 0 / 6326 )        ; 0.00 % ( 0 / 6326 )      ;
;                     ;                     ;                            ;                          ;
; Routing (by net)    ;                     ;                            ;                          ;
;     -- Requested    ; 0.00 % ( 0 / 0 )    ; 0.00 % ( 0 / 0 )           ; 0.00 % ( 0 / 0 )         ;
;     -- Achieved     ; 0.00 % ( 0 / 0 )    ; 0.00 % ( 0 / 0 )           ; 0.00 % ( 0 / 0 )         ;
+---------------------+---------------------+----------------------------+--------------------------+


+----------------------------------------------------------------------------------------------------------------------------------------------------------------------------------------+
; Incremental Compilation Partition Settings                                                                                                                                             ;
+--------------------------------+----------------+-------------------+-------------------------+------------------------+------------------------------+--------------------------------+
; Partition Name                 ; Partition Type ; Netlist Type Used ; Preservation Level Used ; Netlist Type Requested ; Preservation Level Requested ; Contents                       ;
+--------------------------------+----------------+-------------------+-------------------------+------------------------+------------------------------+--------------------------------+
; Top                            ; User-created   ; Source File       ; N/A                     ; Source File            ; N/A                          ;                                ;
; hard_block:auto_generated_inst ; Auto-generated ; Source File       ; N/A                     ; Source File            ; N/A                          ; hard_block:auto_generated_inst ;
+--------------------------------+----------------+-------------------+-------------------------+------------------------+------------------------------+--------------------------------+


+------------------------------------------------------------------------------------------------------------------------------------+
; Incremental Compilation Placement Preservation                                                                                     ;
+--------------------------------+-----------------------+-------------------------+-------------------+---------------------+-------+
; Partition Name                 ; Preservation Achieved ; Preservation Level Used ; Netlist Type Used ; Preservation Method ; Notes ;
+--------------------------------+-----------------------+-------------------------+-------------------+---------------------+-------+
; Top                            ; 0.00 % ( 0 / 6326 )   ; N/A                     ; Source File       ; N/A                 ;       ;
; hard_block:auto_generated_inst ; 0.00 % ( 0 / 0 )      ; N/A                     ; Source File       ; N/A                 ;       ;
+--------------------------------+-----------------------+-------------------------+-------------------+---------------------+-------+


+--------------+
; Pin-Out File ;
+--------------+
The pin-out file can be found in /home/ishaan/Projects/minor/minor-degree/rtl/output_files/cpu_top.pin.


+---------------------------------------------------------------------------------------------+
; Fitter Resource Usage Summary                                                               ;
+-------------------------------------------------------------+-----------------------+-------+
; Resource                                                    ; Usage                 ; %     ;
+-------------------------------------------------------------+-----------------------+-------+
; Logic utilization (ALMs needed / total ALMs on device)      ; 2,366 / 56,480        ; 4 %   ;
; ALMs needed [=A-B+C]                                        ; 2,366                 ;       ;
;     [A] ALMs used in final placement [=a+b+c+d]             ; 2,990 / 56,480        ; 5 %   ;
;         [a] ALMs used for LUT logic and registers           ; 565                   ;       ;
;         [b] ALMs used for LUT logic                         ; 1,013                 ;       ;
;         [c] ALMs used for registers                         ; 1,412                 ;       ;
;         [d] ALMs used for memory (up to half of total ALMs) ; 0                     ;       ;
;     [B] Estimate of ALMs recoverable by dense packing       ; 670 / 56,480          ; 1 %   ;
;     [C] Estimate of ALMs unavailable [=a+b+c+d]             ; 46 / 56,480           ; < 1 % ;
;         [a] Due to location constrained logic               ; 0                     ;       ;
;         [b] Due to LAB-wide signal conflicts                ; 40                    ;       ;
;         [c] Due to LAB input limits                         ; 6                     ;       ;
;         [d] Due to virtual I/Os                             ; 0                     ;       ;
;                                                             ;                       ;       ;
; Difficulty packing design                                   ; Low                   ;       ;
;                                                             ;                       ;       ;
; Total LABs:  partially or completely used                   ; 416 / 5,648           ; 7 %   ;
;     -- Logic LABs                                           ; 416                   ;       ;
;     -- Memory LABs (up to half of total LABs)               ; 0                     ;       ;
;                                                             ;                       ;       ;
; Combinational ALUT usage for logic                          ; 2,001                 ;       ;
;     -- 7 input functions                                    ; 66                    ;       ;
;     -- 6 input functions                                    ; 1,516                 ;       ;
;     -- 5 input functions                                    ; 45                    ;       ;
;     -- 4 input functions                                    ; 49                    ;       ;
;     -- <=3 input functions                                  ; 325                   ;       ;
; Combinational ALUT usage for route-throughs                 ; 1,501                 ;       ;
;                                                             ;                       ;       ;
; Dedicated logic registers                                   ; 4,256                 ;       ;
;     -- By type:                                             ;                       ;       ;
;         -- Primary logic registers                          ; 3,953 / 112,960       ; 3 %   ;
;         -- Secondary logic registers                        ; 303 / 112,960         ; < 1 % ;
;     -- By function:                                         ;                       ;       ;
;         -- Design implementation registers                  ; 4,256                 ;       ;
;         -- Routing optimization registers                   ; 0                     ;       ;
;                                                             ;                       ;       ;
; Virtual pins                                                ; 0                     ;       ;
; I/O pins                                                    ; 34 / 268              ; 13 %  ;
;     -- Clock pins                                           ; 4 / 11                ; 36 %  ;
;     -- Dedicated input pins                                 ; 0 / 23                ; 0 %   ;
;                                                             ;                       ;       ;
; M10K blocks                                                 ; 0 / 686               ; 0 %   ;
; Total MLAB memory bits                                      ; 0                     ;       ;
; Total block memory bits                                     ; 0 / 7,024,640         ; 0 %   ;
; Total block memory implementation bits                      ; 0 / 7,024,640         ; 0 %   ;
;                                                             ;                       ;       ;
; Total DSP Blocks                                            ; 0 / 156               ; 0 %   ;
;                                                             ;                       ;       ;
; Fractional PLLs                                             ; 0 / 7                 ; 0 %   ;
; Global signals                                              ; 1                     ;       ;
;     -- Global clocks                                        ; 1 / 16                ; 6 %   ;
;     -- Quadrant clocks                                      ; 0 / 88                ; 0 %   ;
;     -- Horizontal periphery clocks                          ; 0 / 18                ; 0 %   ;
; SERDES Transmitters                                         ; 0 / 120               ; 0 %   ;
; SERDES Receivers                                            ; 0 / 120               ; 0 %   ;
; JTAGs                                                       ; 0 / 1                 ; 0 %   ;
; ASMI blocks                                                 ; 0 / 1                 ; 0 %   ;
; CRC blocks                                                  ; 0 / 1                 ; 0 %   ;
; Remote update blocks                                        ; 0 / 1                 ; 0 %   ;
; Oscillator blocks                                           ; 0 / 1                 ; 0 %   ;
; Hard IPs                                                    ; 0 / 1                 ; 0 %   ;
; Standard RX PCSs                                            ; 0 / 6                 ; 0 %   ;
; HSSI PMA RX Deserializers                                   ; 0 / 6                 ; 0 %   ;
; Standard TX PCSs                                            ; 0 / 6                 ; 0 %   ;
; HSSI PMA TX Serializers                                     ; 0 / 6                 ; 0 %   ;
; Channel PLLs                                                ; 0 / 6                 ; 0 %   ;
; Impedance control blocks                                    ; 0 / 3                 ; 0 %   ;
; Hard Memory Controllers                                     ; 0 / 2                 ; 0 %   ;
; Average interconnect usage (total/H/V)                      ; 2.5% / 2.4% / 2.5%    ;       ;
; Peak interconnect usage (total/H/V)                         ; 39.2% / 39.1% / 39.5% ;       ;
; Maximum fan-out                                             ; 4256                  ;       ;
; Highest non-global fan-out                                  ; 518                   ;       ;
; Total fan-out                                               ; 25022                 ;       ;
; Average fan-out                                             ; 3.20                  ;       ;
+-------------------------------------------------------------+-----------------------+-------+


+-----------------------------------------------------------------------------------------------------------------------+
; Fitter Partition Statistics                                                                                           ;
+-------------------------------------------------------------+------------------------+--------------------------------+
; Statistic                                                   ; Top                    ; hard_block:auto_generated_inst ;
+-------------------------------------------------------------+------------------------+--------------------------------+
; Logic utilization (ALMs needed / total ALMs on device)      ; 2366 / 56480 ( 4 % )   ; 0 / 56480 ( 0 % )              ;
; ALMs needed [=A-B+C]                                        ; 2366                   ; 0                              ;
;     [A] ALMs used in final placement [=a+b+c+d]             ; 2990 / 56480 ( 5 % )   ; 0 / 56480 ( 0 % )              ;
;         [a] ALMs used for LUT logic and registers           ; 565                    ; 0                              ;
;         [b] ALMs used for LUT logic                         ; 1013                   ; 0                              ;
;         [c] ALMs used for registers                         ; 1412                   ; 0                              ;
;         [d] ALMs used for memory (up to half of total ALMs) ; 0                      ; 0                              ;
;     [B] Estimate of ALMs recoverable by dense packing       ; 670 / 56480 ( 1 % )    ; 0 / 56480 ( 0 % )              ;
;     [C] Estimate of ALMs unavailable [=a+b+c+d]             ; 46 / 56480 ( < 1 % )   ; 0 / 56480 ( 0 % )              ;
;         [a] Due to location constrained logic               ; 0                      ; 0                              ;
;         [b] Due to LAB-wide signal conflicts                ; 40                     ; 0                              ;
;         [c] Due to LAB input limits                         ; 6                      ; 0                              ;
;         [d] Due to virtual I/Os                             ; 0                      ; 0                              ;
;                                                             ;                        ;                                ;
; Difficulty packing design                                   ; Low                    ; Low                            ;
;                                                             ;                        ;                                ;
; Total LABs:  partially or completely used                   ; 416 / 5648 ( 7 % )     ; 0 / 5648 ( 0 % )               ;
;     -- Logic LABs                                           ; 416                    ; 0                              ;
;     -- Memory LABs (up to half of total LABs)               ; 0                      ; 0                              ;
;                                                             ;                        ;                                ;
; Combinational ALUT usage for logic                          ; 2001                   ; 0                              ;
;     -- 7 input functions                                    ; 66                     ; 0                              ;
;     -- 6 input functions                                    ; 1516                   ; 0                              ;
;     -- 5 input functions                                    ; 45                     ; 0                              ;
;     -- 4 input functions                                    ; 49                     ; 0                              ;
;     -- <=3 input functions                                  ; 325                    ; 0                              ;
; Combinational ALUT usage for route-throughs                 ; 1501                   ; 0                              ;
; Memory ALUT usage                                           ; 0                      ; 0                              ;
;     -- 64-address deep                                      ; 0                      ; 0                              ;
;     -- 32-address deep                                      ; 0                      ; 0                              ;
;                                                             ;                        ;                                ;
; Dedicated logic registers                                   ; 0                      ; 0                              ;
;     -- By type:                                             ;                        ;                                ;
;         -- Primary logic registers                          ; 3953 / 112960 ( 3 % )  ; 0 / 112960 ( 0 % )             ;
;         -- Secondary logic registers                        ; 303 / 112960 ( < 1 % ) ; 0 / 112960 ( 0 % )             ;
;     -- By function:                                         ;                        ;                                ;
;         -- Design implementation registers                  ; 4256                   ; 0                              ;
;         -- Routing optimization registers                   ; 0                      ; 0                              ;
;                                                             ;                        ;                                ;
;                                                             ;                        ;                                ;
; Virtual pins                                                ; 0                      ; 0                              ;
; I/O pins                                                    ; 34                     ; 0                              ;
; I/O registers                                               ; 0                      ; 0                              ;
; Total block memory bits                                     ; 0                      ; 0                              ;
; Total block memory implementation bits                      ; 0                      ; 0                              ;
; Clock enable block                                          ; 1 / 122 ( < 1 % )      ; 0 / 122 ( 0 % )                ;
;                                                             ;                        ;                                ;
; Connections                                                 ;                        ;                                ;
;     -- Input Connections                                    ; 0                      ; 0                              ;
;     -- Registered Input Connections                         ; 0                      ; 0                              ;
;     -- Output Connections                                   ; 0                      ; 0                              ;
;     -- Registered Output Connections                        ; 0                      ; 0                              ;
;                                                             ;                        ;                                ;
; Internal Connections                                        ;                        ;                                ;
;     -- Total Connections                                    ; 25022                  ; 0                              ;
;     -- Registered Connections                               ; 4400                   ; 0                              ;
;                                                             ;                        ;                                ;
; External Connections                                        ;                        ;                                ;
;     -- Top                                                  ; 0                      ; 0                              ;
;     -- hard_block:auto_generated_inst                       ; 0                      ; 0                              ;
;                                                             ;                        ;                                ;
; Partition Interface                                         ;                        ;                                ;
;     -- Input Ports                                          ; 18                     ; 0                              ;
;     -- Output Ports                                         ; 16                     ; 0                              ;
;     -- Bidir Ports                                          ; 0                      ; 0                              ;
;                                                             ;                        ;                                ;
; Registered Ports                                            ;                        ;                                ;
;     -- Registered Input Ports                               ; 0                      ; 0                              ;
;     -- Registered Output Ports                              ; 0                      ; 0                              ;
;                                                             ;                        ;                                ;
; Port Connectivity                                           ;                        ;                                ;
;     -- Input Ports driven by GND                            ; 0                      ; 0                              ;
;     -- Output Ports driven by GND                           ; 0                      ; 0                              ;
;     -- Input Ports driven by VCC                            ; 0                      ; 0                              ;
;     -- Output Ports driven by VCC                           ; 0                      ; 0                              ;
;     -- Input Ports with no Source                           ; 0                      ; 0                              ;
;     -- Output Ports with no Source                          ; 0                      ; 0                              ;
;     -- Input Ports with no Fanout                           ; 0                      ; 0                              ;
;     -- Output Ports with no Fanout                          ; 0                      ; 0                              ;
+-------------------------------------------------------------+------------------------+--------------------------------+


+---------------------------------------------------------------------------------------------------------------------------------------------------------------------------------------------------------------------------------------------------------------------------------------------------+
; Input Pins                                                                                                                                                                                                                                                                                        ;
+--------------------+-------+----------+--------------+--------------+--------------+-----------------------+--------------------+--------+----------------+-----------------+----------+--------------+--------------+-------------+---------------------------+----------------------+-----------+
; Name               ; Pin # ; I/O Bank ; X coordinate ; Y coordinate ; Z coordinate ; Combinational Fan-Out ; Registered Fan-Out ; Global ; Input Register ; PCI I/O Enabled ; Bus Hold ; Weak Pull Up ; I/O Standard ; Termination ; Termination Control Block ; Location assigned by ; Slew Rate ;
+--------------------+-------+----------+--------------+--------------+--------------+-----------------------+--------------------+--------+----------------+-----------------+----------+--------------+--------------+-------------+---------------------------+----------------------+-----------+
; clk                ; M16   ; 5B       ; 89           ; 35           ; 60           ; 4256                  ; 0                  ; yes    ; no             ; no              ; no       ; Off          ; 2.5 V        ; Off         ; --                        ; Fitter               ; no        ;
; instruction_in[0]  ; AA18  ; 4A       ; 60           ; 0            ; 34           ; 9                     ; 0                  ; no     ; no             ; no              ; no       ; Off          ; 2.5 V        ; Off         ; --                        ; Fitter               ; no        ;
; instruction_in[10] ; R11   ; 3B       ; 38           ; 0            ; 0            ; 8                     ; 0                  ; no     ; no             ; no              ; no       ; Off          ; 2.5 V        ; Off         ; --                        ; Fitter               ; no        ;
; instruction_in[11] ; P14   ; 4A       ; 68           ; 0            ; 17           ; 53                    ; 0                  ; no     ; no             ; no              ; no       ; Off          ; 2.5 V        ; Off         ; --                        ; Fitter               ; no        ;
; instruction_in[12] ; H10   ; 7A       ; 58           ; 81           ; 91           ; 19                    ; 0                  ; no     ; no             ; no              ; no       ; Off          ; 2.5 V        ; Off         ; --                        ; Fitter               ; no        ;
; instruction_in[13] ; Y22   ; 4A       ; 66           ; 0            ; 91           ; 19                    ; 0                  ; no     ; no             ; no              ; no       ; Off          ; 2.5 V        ; Off         ; --                        ; Fitter               ; no        ;
; instruction_in[14] ; AA17  ; 4A       ; 60           ; 0            ; 51           ; 19                    ; 0                  ; no     ; no             ; no              ; no       ; Off          ; 2.5 V        ; Off         ; --                        ; Fitter               ; no        ;
; instruction_in[15] ; AA19  ; 4A       ; 62           ; 0            ; 51           ; 19                    ; 0                  ; no     ; no             ; no              ; no       ; Off          ; 2.5 V        ; Off         ; --                        ; Fitter               ; no        ;
; instruction_in[1]  ; T14   ; 4A       ; 60           ; 0            ; 17           ; 10                    ; 0                  ; no     ; no             ; no              ; no       ; Off          ; 2.5 V        ; Off         ; --                        ; Fitter               ; no        ;
; instruction_in[2]  ; AA20  ; 4A       ; 62           ; 0            ; 34           ; 23                    ; 0                  ; no     ; no             ; no              ; no       ; Off          ; 2.5 V        ; Off         ; --                        ; Fitter               ; no        ;
; instruction_in[3]  ; Y16   ; 4A       ; 58           ; 0            ; 57           ; 39                    ; 0                  ; no     ; no             ; no              ; no       ; Off          ; 2.5 V        ; Off         ; --                        ; Fitter               ; no        ;
; instruction_in[4]  ; W19   ; 4A       ; 62           ; 0            ; 0            ; 35                    ; 0                  ; no     ; no             ; no              ; no       ; Off          ; 2.5 V        ; Off         ; --                        ; Fitter               ; no        ;
; instruction_in[5]  ; W22   ; 4A       ; 66           ; 0            ; 74           ; 16                    ; 0                  ; no     ; no             ; no              ; no       ; Off          ; 2.5 V        ; Off         ; --                        ; Fitter               ; no        ;
; instruction_in[6]  ; V20   ; 4A       ; 62           ; 0            ; 17           ; 32                    ; 0                  ; no     ; no             ; no              ; no       ; Off          ; 2.5 V        ; Off         ; --                        ; Fitter               ; no        ;
; instruction_in[7]  ; H13   ; 7A       ; 56           ; 81           ; 0            ; 32                    ; 0                  ; no     ; no             ; no              ; no       ; Off          ; 2.5 V        ; Off         ; --                        ; Fitter               ; no        ;
; instruction_in[8]  ; AB22  ; 4A       ; 64           ; 0            ; 51           ; 8                     ; 0                  ; no     ; no             ; no              ; no       ; Off          ; 2.5 V        ; Off         ; --                        ; Fitter               ; no        ;
; instruction_in[9]  ; W16   ; 4A       ; 64           ; 0            ; 0            ; 8                     ; 0                  ; no     ; no             ; no              ; no       ; Off          ; 2.5 V        ; Off         ; --                        ; Fitter               ; no        ;
; reset              ; AB15  ; 4A       ; 54           ; 0            ; 51           ; 32                    ; 0                  ; no     ; no             ; no              ; no       ; Off          ; 2.5 V        ; Off         ; --                        ; Fitter               ; no        ;
+--------------------+-------+----------+--------------+--------------+--------------+-----------------------+--------------------+--------+----------------+-----------------+----------+--------------+--------------+-------------+---------------------------+----------------------+-----------+


+-------------------------------------------------------------------------------------------------------------------------------------------------------------------------------------------------------------------------------------------------------------------------------------------------------------------------------------------------------------------------------------------------------------------------------------------------------------------------------------------------+
; Output Pins                                                                                                                                                                                                                                                                                                                                                                                                                                                                                     ;
+------------+-------+----------+--------------+--------------+--------------+-----------------+------------------------+-----------+-----------------+------------+---------------+----------+--------------+--------------+------------------+-----------------------------------+---------------------------+----------------------------+-----------------------------+---------------------+-----------------------------+----------------------+----------------------+---------------------+
; Name       ; Pin # ; I/O Bank ; X coordinate ; Y coordinate ; Z coordinate ; Output Register ; Output Enable Register ; Slew Rate ; PCI I/O Enabled ; Open Drain ; TRI Primitive ; Bus Hold ; Weak Pull Up ; I/O Standard ; Current Strength ; Termination                       ; Termination Control Block ; Output Buffer Pre-emphasis ; Voltage Output Differential ; Output Buffer Delay ; Output Buffer Delay Control ; Location assigned by ; Output Enable Source ; Output Enable Group ;
+------------+-------+----------+--------------+--------------+--------------+-----------------+------------------------+-----------+-----------------+------------+---------------+----------+--------------+--------------+------------------+-----------------------------------+---------------------------+----------------------------+-----------------------------+---------------------+-----------------------------+----------------------+----------------------+---------------------+
; pc_out[0]  ; AB13  ; 4A       ; 50           ; 0            ; 91           ; no              ; no                     ; 1         ; no              ; no         ; no            ; no       ; Off          ; 2.5 V        ; Default          ; Series 50 Ohm without Calibration ; --                        ; no                         ; no                          ; 0                   ; Off                         ; Fitter               ; -                    ; -                   ;
; pc_out[10] ; Y15   ; 4A       ; 54           ; 0            ; 0            ; no              ; no                     ; 1         ; no              ; no         ; no            ; no       ; Off          ; 2.5 V        ; Default          ; Series 50 Ohm without Calibration ; --                        ; no                         ; no                          ; 0                   ; Off                         ; Fitter               ; -                    ; -                   ;
; pc_out[11] ; T13   ; 4A       ; 52           ; 0            ; 0            ; no              ; no                     ; 1         ; no              ; no         ; no            ; no       ; Off          ; 2.5 V        ; Default          ; Series 50 Ohm without Calibration ; --                        ; no                         ; no                          ; 0                   ; Off                         ; Fitter               ; -                    ; -                   ;
; pc_out[12] ; AA15  ; 4A       ; 54           ; 0            ; 34           ; no              ; no                     ; 1         ; no              ; no         ; no            ; no       ; Off          ; 2.5 V        ; Default          ; Series 50 Ohm without Calibration ; --                        ; no                         ; no                          ; 0                   ; Off                         ; Fitter               ; -                    ; -                   ;
; pc_out[13] ; Y9    ; 3B       ; 34           ; 0            ; 74           ; no              ; no                     ; 1         ; no              ; no         ; no            ; no       ; Off          ; 2.5 V        ; Default          ; Series 50 Ohm without Calibration ; --                        ; no                         ; no                          ; 0                   ; Off                         ; Fitter               ; -                    ; -                   ;
; pc_out[14] ; AA13  ; 4A       ; 52           ; 0            ; 34           ; no              ; no                     ; 1         ; no              ; no         ; no            ; no       ; Off          ; 2.5 V        ; Default          ; Series 50 Ohm without Calibration ; --                        ; no                         ; no                          ; 0                   ; Off                         ; Fitter               ; -                    ; -                   ;
; pc_out[15] ; AB18  ; 4A       ; 56           ; 0            ; 34           ; no              ; no                     ; 1         ; no              ; no         ; no            ; no       ; Off          ; 2.5 V        ; Default          ; Series 50 Ohm without Calibration ; --                        ; no                         ; no                          ; 0                   ; Off                         ; Fitter               ; -                    ; -                   ;
; pc_out[1]  ; T15   ; 5A       ; 89           ; 6            ; 3            ; no              ; no                     ; 1         ; no              ; no         ; no            ; no       ; Off          ; 2.5 V        ; Default          ; Series 50 Ohm without Calibration ; --                        ; no                         ; no                          ; 0                   ; Off                         ; Fitter               ; -                    ; -                   ;
; pc_out[2]  ; AB17  ; 4A       ; 56           ; 0            ; 51           ; no              ; no                     ; 1         ; no              ; no         ; no            ; no       ; Off          ; 2.5 V        ; Default          ; Series 50 Ohm without Calibration ; --                        ; no                         ; no                          ; 0                   ; Off                         ; Fitter               ; -                    ; -                   ;
; pc_out[3]  ; V15   ; 4A       ; 56           ; 0            ; 0            ; no              ; no                     ; 1         ; no              ; no         ; no            ; no       ; Off          ; 2.5 V        ; Default          ; Series 50 Ohm without Calibration ; --                        ; no                         ; no                          ; 0                   ; Off                         ; Fitter               ; -                    ; -                   ;
; pc_out[4]  ; V19   ; 4A       ; 70           ; 0            ; 17           ; no              ; no                     ; 1         ; no              ; no         ; no            ; no       ; Off          ; 2.5 V        ; Default          ; Series 50 Ohm without Calibration ; --                        ; no                         ; no                          ; 0                   ; Off                         ; Fitter               ; -                    ; -                   ;
; pc_out[5]  ; U13   ; 4A       ; 50           ; 0            ; 40           ; no              ; no                     ; 1         ; no              ; no         ; no            ; no       ; Off          ; 2.5 V        ; Default          ; Series 50 Ohm without Calibration ; --                        ; no                         ; no                          ; 0                   ; Off                         ; Fitter               ; -                    ; -                   ;
; pc_out[6]  ; U15   ; 4A       ; 60           ; 0            ; 0            ; no              ; no                     ; 1         ; no              ; no         ; no            ; no       ; Off          ; 2.5 V        ; Default          ; Series 50 Ohm without Calibration ; --                        ; no                         ; no                          ; 0                   ; Off                         ; Fitter               ; -                    ; -                   ;
; pc_out[7]  ; T12   ; 4A       ; 52           ; 0            ; 17           ; no              ; no                     ; 1         ; no              ; no         ; no            ; no       ; Off          ; 2.5 V        ; Default          ; Series 50 Ohm without Calibration ; --                        ; no                         ; no                          ; 0                   ; Off                         ; Fitter               ; -                    ; -                   ;
; pc_out[8]  ; V14   ; 4A       ; 56           ; 0            ; 17           ; no              ; no                     ; 1         ; no              ; no         ; no            ; no       ; Off          ; 2.5 V        ; Default          ; Series 50 Ohm without Calibration ; --                        ; no                         ; no                          ; 0                   ; Off                         ; Fitter               ; -                    ; -                   ;
; pc_out[9]  ; Y14   ; 4A       ; 54           ; 0            ; 17           ; no              ; no                     ; 1         ; no              ; no         ; no            ; no       ; Off          ; 2.5 V        ; Default          ; Series 50 Ohm without Calibration ; --                        ; no                         ; no                          ; 0                   ; Off                         ; Fitter               ; -                    ; -                   ;
+------------+-------+----------+--------------+--------------+--------------+-----------------+------------------------+-----------+-----------------+------------+---------------+----------+--------------+--------------+------------------+-----------------------------------+---------------------------+----------------------------+-----------------------------+---------------------+-----------------------------+----------------------+----------------------+---------------------+


+----------------------------------------------------------------------------+
; I/O Bank Usage                                                             ;
+----------+------------------+---------------+--------------+---------------+
; I/O Bank ; Usage            ; VCCIO Voltage ; VREF Voltage ; VCCPD Voltage ;
+----------+------------------+---------------+--------------+---------------+
; B2L      ; 0 / 0 ( -- )     ; --            ; --           ; --            ;
; B1L      ; 0 / 14 ( 0 % )   ; --            ; --           ; --            ;
; B0L      ; 0 / 14 ( 0 % )   ; --            ; --           ; --            ;
; 3A       ; 0 / 16 ( 0 % )   ; 2.5V          ; --           ; 2.5V          ;
; 3B       ; 2 / 32 ( 6 % )   ; 2.5V          ; --           ; 2.5V          ;
; 4A       ; 28 / 48 ( 58 % ) ; 2.5V          ; --           ; 2.5V          ;
; 5A       ; 1 / 16 ( 6 % )   ; 2.5V          ; --           ; 2.5V          ;
; 5B       ; 1 / 16 ( 6 % )   ; 2.5V          ; --           ; 2.5V          ;
; 7A       ; 2 / 80 ( 3 % )   ; 2.5V          ; --           ; 2.5V          ;
; 8A       ; 0 / 32 ( 0 % )   ; 2.5V          ; --           ; 2.5V          ;
+----------+------------------+---------------+--------------+---------------+


+-----------------------------------------------------------------------------------------------------------------------------------------------------------------------------+
; All Package Pins                                                                                                                                                            ;
+----------+------------+----------+---------------------------------+--------+--------------+---------------------+--------------+-----------------+----------+--------------+
; Location ; Pad Number ; I/O Bank ; Pin Name/Usage                  ; Dir.   ; I/O Standard ; Voltage             ; I/O Type     ; User Assignment ; Bus Hold ; Weak Pull Up ;
+----------+------------+----------+---------------------------------+--------+--------------+---------------------+--------------+-----------------+----------+--------------+
; A1       ;            ;          ; RREF                            ;        ;              ;                     ; --           ;                 ; --       ; --           ;
; A2       ; 538        ; 9A       ; ^MSEL2                          ;        ;              ;                     ; --           ;                 ; --       ; --           ;
; A3       ;            ; --       ; VCCBAT                          ; power  ;              ; 1.2V                ; --           ;                 ; --       ; --           ;
; A4       ; 540        ; 9A       ; ^nCONFIG                        ;        ;              ;                     ; --           ;                 ; --       ; --           ;
; A5       ; 466        ; 8A       ; RESERVED_INPUT_WITH_WEAK_PULLUP ;        ;              ;                     ; Column I/O   ;                 ; no       ; On           ;
; A6       ;            ; 8A       ; VCCIO8A                         ; power  ;              ; 2.5V                ; --           ;                 ; --       ; --           ;
; A7       ; 475        ; 8A       ; RESERVED_INPUT_WITH_WEAK_PULLUP ;        ;              ;                     ; Column I/O   ;                 ; no       ; On           ;
; A8       ; 473        ; 8A       ; RESERVED_INPUT_WITH_WEAK_PULLUP ;        ;              ;                     ; Column I/O   ;                 ; no       ; On           ;
; A9       ; 464        ; 8A       ; RESERVED_INPUT_WITH_WEAK_PULLUP ;        ;              ;                     ; Column I/O   ;                 ; no       ; On           ;
; A10      ; 462        ; 8A       ; RESERVED_INPUT_WITH_WEAK_PULLUP ;        ;              ;                     ; Column I/O   ;                 ; no       ; On           ;
; A11      ;            ;          ; GND                             ; gnd    ;              ;                     ; --           ;                 ; --       ; --           ;
; A12      ; 444        ; 7A       ; RESERVED_INPUT_WITH_WEAK_PULLUP ;        ;              ;                     ; Column I/O   ;                 ; no       ; On           ;
; A13      ; 432        ; 7A       ; RESERVED_INPUT_WITH_WEAK_PULLUP ;        ;              ;                     ; Column I/O   ;                 ; no       ; On           ;
; A14      ; 420        ; 7A       ; RESERVED_INPUT_WITH_WEAK_PULLUP ;        ;              ;                     ; Column I/O   ;                 ; no       ; On           ;
; A15      ; 418        ; 7A       ; RESERVED_INPUT_WITH_WEAK_PULLUP ;        ;              ;                     ; Column I/O   ;                 ; no       ; On           ;
; A16      ;            ; 7A       ; VCCIO7A                         ; power  ;              ; 2.5V                ; --           ;                 ; --       ; --           ;
; A17      ; 403        ; 7A       ; RESERVED_INPUT_WITH_WEAK_PULLUP ;        ;              ;                     ; Column I/O   ;                 ; no       ; On           ;
; A18      ; 401        ; 7A       ; RESERVED_INPUT_WITH_WEAK_PULLUP ;        ;              ;                     ; Column I/O   ;                 ; no       ; On           ;
; A19      ; 404        ; 7A       ; RESERVED_INPUT_WITH_WEAK_PULLUP ;        ;              ;                     ; Column I/O   ;                 ; no       ; On           ;
; A20      ; 402        ; 7A       ; RESERVED_INPUT_WITH_WEAK_PULLUP ;        ;              ;                     ; Column I/O   ;                 ; no       ; On           ;
; A21      ;            ;          ; GND                             ; gnd    ;              ;                     ; --           ;                 ; --       ; --           ;
; A22      ; 396        ; 7A       ; RESERVED_INPUT_WITH_WEAK_PULLUP ;        ;              ;                     ; Column I/O   ;                 ; no       ; On           ;
; AA1      ; 39         ; B0L      ; GND                             ;        ;              ;                     ; --           ;                 ; --       ; --           ;
; AA2      ; 38         ; B0L      ; GND                             ;        ;              ;                     ; --           ;                 ; --       ; --           ;
; AA3      ;            ;          ; GND                             ; gnd    ;              ;                     ; --           ;                 ; --       ; --           ;
; AA4      ;            ;          ; GND                             ; gnd    ;              ;                     ; --           ;                 ; --       ; --           ;
; AA5      ; 47         ; 3A       ; ^AS_DATA2, DATA2                ;        ;              ;                     ; Weak Pull Up ;                 ; --       ; On           ;
; AA6      ;            ;          ; GND                             ; gnd    ;              ;                     ; --           ;                 ; --       ; --           ;
; AA7      ; 105        ; 3B       ; RESERVED_INPUT_WITH_WEAK_PULLUP ;        ;              ;                     ; Column I/O   ;                 ; no       ; On           ;
; AA8      ; 108        ; 3B       ; RESERVED_INPUT_WITH_WEAK_PULLUP ;        ;              ;                     ; Column I/O   ;                 ; no       ; On           ;
; AA9      ; 115        ; 3B       ; RESERVED_INPUT_WITH_WEAK_PULLUP ;        ;              ;                     ; Column I/O   ;                 ; no       ; On           ;
; AA10     ; 113        ; 3B       ; RESERVED_INPUT_WITH_WEAK_PULLUP ;        ;              ;                     ; Column I/O   ;                 ; no       ; On           ;
; AA11     ;            ;          ; GND                             ; gnd    ;              ;                     ; --           ;                 ; --       ; --           ;
; AA12     ; 131        ; 3B       ; RESERVED_INPUT_WITH_WEAK_PULLUP ;        ;              ;                     ; Column I/O   ;                 ; no       ; On           ;
; AA13     ; 139        ; 4A       ; pc_out[14]                      ; output ; 2.5 V        ;                     ; Column I/O   ; N               ; no       ; Off          ;
; AA14     ; 137        ; 4A       ; RESERVED_INPUT_WITH_WEAK_PULLUP ;        ;              ;                     ; Column I/O   ;                 ; no       ; On           ;
; AA15     ; 142        ; 4A       ; pc_out[12]                      ; output ; 2.5 V        ;                     ; Column I/O   ; N               ; no       ; Off          ;
; AA16     ;            ; 4A       ; VCCIO4A                         ; power  ;              ; 2.5V                ; --           ;                 ; --       ; --           ;
; AA17     ; 153        ; 4A       ; instruction_in[14]              ; input  ; 2.5 V        ;                     ; Column I/O   ; N               ; no       ; Off          ;
; AA18     ; 155        ; 4A       ; instruction_in[0]               ; input  ; 2.5 V        ;                     ; Column I/O   ; N               ; no       ; Off          ;
; AA19     ; 156        ; 4A       ; instruction_in[15]              ; input  ; 2.5 V        ;                     ; Column I/O   ; N               ; no       ; Off          ;
; AA20     ; 158        ; 4A       ; instruction_in[2]               ; input  ; 2.5 V        ;                     ; Column I/O   ; N               ; no       ; Off          ;
; AA21     ;            ; 4A       ; VCCIO4A                         ; power  ;              ; 2.5V                ; --           ;                 ; --       ; --           ;
; AA22     ; 163        ; 4A       ; RESERVED_INPUT_WITH_WEAK_PULLUP ;        ;              ;                     ; Column I/O   ;                 ; no       ; On           ;
; AB1      ;            ;          ; GND                             ; gnd    ;              ;                     ; --           ;                 ; --       ; --           ;
; AB2      ;            ;          ; GND                             ; gnd    ;              ;                     ; --           ;                 ; --       ; --           ;
; AB3      ; 49         ; 3A       ; ^AS_DATA1, DATA1                ;        ;              ;                     ; Weak Pull Up ;                 ; --       ; On           ;
; AB4      ; 51         ; 3A       ; ^AS_DATA0, ASDO, DATA0          ;        ;              ;                     ; Weak Pull Up ;                 ; --       ; On           ;
; AB5      ; 102        ; 3B       ; RESERVED_INPUT_WITH_WEAK_PULLUP ;        ;              ;                     ; Column I/O   ;                 ; no       ; On           ;
; AB6      ; 100        ; 3B       ; RESERVED_INPUT_WITH_WEAK_PULLUP ;        ;              ;                     ; Column I/O   ;                 ; no       ; On           ;
; AB7      ; 107        ; 3B       ; RESERVED_INPUT_WITH_WEAK_PULLUP ;        ;              ;                     ; Column I/O   ;                 ; no       ; On           ;
; AB8      ; 110        ; 3B       ; RESERVED_INPUT_WITH_WEAK_PULLUP ;        ;              ;                     ; Column I/O   ;                 ; no       ; On           ;
; AB9      ;            ;          ; GND                             ; gnd    ;              ;                     ; --           ;                 ; --       ; --           ;
; AB10     ; 124        ; 3B       ; RESERVED_INPUT_WITH_WEAK_PULLUP ;        ;              ;                     ; Column I/O   ;                 ; no       ; On           ;
; AB11     ; 126        ; 3B       ; RESERVED_INPUT_WITH_WEAK_PULLUP ;        ;              ;                     ; Column I/O   ;                 ; no       ; On           ;
; AB12     ; 134        ; 4A       ; RESERVED_INPUT_WITH_WEAK_PULLUP ;        ;              ;                     ; Column I/O   ;                 ; no       ; On           ;
; AB13     ; 132        ; 4A       ; pc_out[0]                       ; output ; 2.5 V        ;                     ; Column I/O   ; N               ; no       ; Off          ;
; AB14     ;            ;          ; GND                             ; gnd    ;              ;                     ; --           ;                 ; --       ; --           ;
; AB15     ; 140        ; 4A       ; reset                           ; input  ; 2.5 V        ;                     ; Column I/O   ; N               ; no       ; Off          ;
; AB16     ;            ; 4A       ; VREFB4AN0                       ; power  ;              ;                     ; --           ;                 ; --       ; --           ;
; AB17     ; 145        ; 4A       ; pc_out[2]                       ; output ; 2.5 V        ;                     ; Column I/O   ; N               ; no       ; Off          ;
; AB18     ; 147        ; 4A       ; pc_out[15]                      ; output ; 2.5 V        ;                     ; Column I/O   ; N               ; no       ; Off          ;
; AB19     ;            ;          ; GND                             ; gnd    ;              ;                     ; --           ;                 ; --       ; --           ;
; AB20     ; 148        ; 4A       ; RESERVED_INPUT_WITH_WEAK_PULLUP ;        ;              ;                     ; Column I/O   ;                 ; no       ; On           ;
; AB21     ; 150        ; 4A       ; RESERVED_INPUT_WITH_WEAK_PULLUP ;        ;              ;                     ; Column I/O   ;                 ; no       ; On           ;
; AB22     ; 161        ; 4A       ; instruction_in[8]               ; input  ; 2.5 V        ;                     ; Column I/O   ; N               ; no       ; Off          ;
; B1       ;            ;          ; GND                             ; gnd    ;              ;                     ; --           ;                 ; --       ; --           ;
; B2       ;            ;          ; GND                             ; gnd    ;              ;                     ; --           ;                 ; --       ; --           ;
; B3       ;            ;          ; DNU                             ;        ;              ;                     ; --           ;                 ; --       ; --           ;
; B4       ;            ;          ; DNU                             ;        ;              ;                     ; --           ;                 ; --       ; --           ;
; B5       ; 468        ; 8A       ; RESERVED_INPUT_WITH_WEAK_PULLUP ;        ;              ;                     ; Column I/O   ;                 ; no       ; On           ;
; B6       ; 470        ; 8A       ; RESERVED_INPUT_WITH_WEAK_PULLUP ;        ;              ;                     ; Column I/O   ;                 ; no       ; On           ;
; B7       ; 472        ; 8A       ; RESERVED_INPUT_WITH_WEAK_PULLUP ;        ;              ;                     ; Column I/O   ;                 ; no       ; On           ;
; B8       ;            ; 8A       ; VREFB8AN0                       ; power  ;              ;                     ; --           ;                 ; --       ; --           ;
; B9       ;            ;          ; GND                             ; gnd    ;              ;                     ; --           ;                 ; --       ; --           ;
; B10      ; 465        ; 8A       ; RESERVED_INPUT_WITH_WEAK_PULLUP ;        ;              ;                     ; Column I/O   ;                 ; no       ; On           ;
; B11      ; 452        ; 7A       ; RESERVED_INPUT_WITH_WEAK_PULLUP ;        ;              ;                     ; Column I/O   ;                 ; no       ; On           ;
; B12      ; 442        ; 7A       ; RESERVED_INPUT_WITH_WEAK_PULLUP ;        ;              ;                     ; Column I/O   ;                 ; no       ; On           ;
; B13      ; 430        ; 7A       ; RESERVED_INPUT_WITH_WEAK_PULLUP ;        ;              ;                     ; Column I/O   ;                 ; no       ; On           ;
; B14      ;            ;          ; GND                             ; gnd    ;              ;                     ; --           ;                 ; --       ; --           ;
; B15      ; 427        ; 7A       ; RESERVED_INPUT_WITH_WEAK_PULLUP ;        ;              ;                     ; Column I/O   ;                 ; no       ; On           ;
; B16      ; 406        ; 7A       ; RESERVED_INPUT_WITH_WEAK_PULLUP ;        ;              ;                     ; Column I/O   ;                 ; no       ; On           ;
; B17      ; 384        ; 7A       ; RESERVED_INPUT_WITH_WEAK_PULLUP ;        ;              ;                     ; Column I/O   ;                 ; no       ; On           ;
; B18      ; 382        ; 7A       ; RESERVED_INPUT_WITH_WEAK_PULLUP ;        ;              ;                     ; Column I/O   ;                 ; no       ; On           ;
; B19      ;            ; 7A       ; VCCIO7A                         ; power  ;              ; 2.5V                ; --           ;                 ; --       ; --           ;
; B20      ; 380        ; 7A       ; RESERVED_INPUT_WITH_WEAK_PULLUP ;        ;              ;                     ; Column I/O   ;                 ; no       ; On           ;
; B21      ; 387        ; 7A       ; RESERVED_INPUT_WITH_WEAK_PULLUP ;        ;              ;                     ; Column I/O   ;                 ; no       ; On           ;
; B22      ; 394        ; 7A       ; RESERVED_INPUT_WITH_WEAK_PULLUP ;        ;              ;                     ; Column I/O   ;                 ; no       ; On           ;
; C1       ; 19         ; B1L      ; GND                             ;        ;              ;                     ; --           ;                 ; --       ; --           ;
; C2       ; 18         ; B1L      ; GND                             ;        ;              ;                     ; --           ;                 ; --       ; --           ;
; C3       ;            ;          ; GND                             ; gnd    ;              ;                     ; --           ;                 ; --       ; --           ;
; C4       ;            ;          ; GND                             ; gnd    ;              ;                     ; --           ;                 ; --       ; --           ;
; C5       ; 542        ; 9A       ; ^GND                            ;        ;              ;                     ; --           ;                 ; --       ; --           ;
; C6       ; 474        ; 8A       ; RESERVED_INPUT_WITH_WEAK_PULLUP ;        ;              ;                     ; Column I/O   ;                 ; no       ; On           ;
; C7       ;            ; 8A       ; VCCIO8A                         ; power  ;              ; 2.5V                ; --           ;                 ; --       ; --           ;
; C8       ; 480        ; 8A       ; RESERVED_INPUT_WITH_WEAK_PULLUP ;        ;              ;                     ; Column I/O   ;                 ; no       ; On           ;
; C9       ; 467        ; 8A       ; RESERVED_INPUT_WITH_WEAK_PULLUP ;        ;              ;                     ; Column I/O   ;                 ; no       ; On           ;
; C10      ;            ; 7A, 8A   ; VCCPD7A8A                       ; power  ;              ; 2.5V                ; --           ;                 ; --       ; --           ;
; C11      ; 450        ; 7A       ; RESERVED_INPUT_WITH_WEAK_PULLUP ;        ;              ;                     ; Column I/O   ;                 ; no       ; On           ;
; C12      ;            ; 7A       ; VCCIO7A                         ; power  ;              ; 2.5V                ; --           ;                 ; --       ; --           ;
; C13      ; 443        ; 7A       ; RESERVED_INPUT_WITH_WEAK_PULLUP ;        ;              ;                     ; Column I/O   ;                 ; no       ; On           ;
; C14      ;            ; 7A       ; VREFB7AN0                       ; power  ;              ;                     ; --           ;                 ; --       ; --           ;
; C15      ; 425        ; 7A       ; RESERVED_INPUT_WITH_WEAK_PULLUP ;        ;              ;                     ; Column I/O   ;                 ; no       ; On           ;
; C16      ; 408        ; 7A       ; RESERVED_INPUT_WITH_WEAK_PULLUP ;        ;              ;                     ; Column I/O   ;                 ; no       ; On           ;
; C17      ;            ;          ; GND                             ; gnd    ;              ;                     ; --           ;                 ; --       ; --           ;
; C18      ; 395        ; 7A       ; RESERVED_INPUT_WITH_WEAK_PULLUP ;        ;              ;                     ; Column I/O   ;                 ; no       ; On           ;
; C19      ; 393        ; 7A       ; RESERVED_INPUT_WITH_WEAK_PULLUP ;        ;              ;                     ; Column I/O   ;                 ; no       ; On           ;
; C20      ; 378        ; 7A       ; RESERVED_INPUT_WITH_WEAK_PULLUP ;        ;              ;                     ; Column I/O   ;                 ; no       ; On           ;
; C21      ; 385        ; 7A       ; RESERVED_INPUT_WITH_WEAK_PULLUP ;        ;              ;                     ; Column I/O   ;                 ; no       ; On           ;
; C22      ;            ; 7A       ; VCCIO7A                         ; power  ;              ; 2.5V                ; --           ;                 ; --       ; --           ;
; D1       ;            ;          ; GND                             ; gnd    ;              ;                     ; --           ;                 ; --       ; --           ;
; D2       ;            ;          ; GND                             ; gnd    ;              ;                     ; --           ;                 ; --       ; --           ;
; D3       ; 16         ; B1L      ; GXB_NC                          ;        ;              ;                     ; --           ;                 ; --       ; --           ;
; D4       ; 17         ; B1L      ; GXB_NC                          ;        ;              ;                     ; --           ;                 ; --       ; --           ;
; D5       ;            ;          ; GND                             ; gnd    ;              ;                     ; --           ;                 ; --       ; --           ;
; D6       ; 476        ; 8A       ; RESERVED_INPUT_WITH_WEAK_PULLUP ;        ;              ;                     ; Column I/O   ;                 ; no       ; On           ;
; D7       ; 478        ; 8A       ; RESERVED_INPUT_WITH_WEAK_PULLUP ;        ;              ;                     ; Column I/O   ;                 ; no       ; On           ;
; D8       ;            ; 7A, 8A   ; VCCPD7A8A                       ; power  ;              ; 2.5V                ; --           ;                 ; --       ; --           ;
; D9       ; 479        ; 8A       ; RESERVED_INPUT_WITH_WEAK_PULLUP ;        ;              ;                     ; Column I/O   ;                 ; no       ; On           ;
; D10      ;            ;          ; GND                             ; gnd    ;              ;                     ; --           ;                 ; --       ; --           ;
; D11      ;            ; --       ; VCC_AUX                         ; power  ;              ; 2.5V                ; --           ;                 ; --       ; --           ;
; D12      ; 449        ; 7A       ; RESERVED_INPUT_WITH_WEAK_PULLUP ;        ;              ;                     ; Column I/O   ;                 ; no       ; On           ;
; D13      ; 441        ; 7A       ; RESERVED_INPUT_WITH_WEAK_PULLUP ;        ;              ;                     ; Column I/O   ;                 ; no       ; On           ;
; D14      ;            ; 7A, 8A   ; VCCPD7A8A                       ; power  ;              ; 2.5V                ; --           ;                 ; --       ; --           ;
; D15      ;            ; 7A       ; VCCIO7A                         ; power  ;              ; 2.5V                ; --           ;                 ; --       ; --           ;
; D16      ;            ; 7A, 8A   ; VCCPD7A8A                       ; power  ;              ; 2.5V                ; --           ;                 ; --       ; --           ;
; D17      ; 409        ; 7A       ; RESERVED_INPUT_WITH_WEAK_PULLUP ;        ;              ;                     ; Column I/O   ;                 ; no       ; On           ;
; D18      ;            ; --       ; VCC_AUX                         ; power  ;              ; 2.5V                ; --           ;                 ; --       ; --           ;
; D19      ; 379        ; 7A       ; RESERVED_INPUT_WITH_WEAK_PULLUP ;        ;              ;                     ; Column I/O   ;                 ; no       ; On           ;
; D20      ;            ;          ; GND                             ; gnd    ;              ;                     ; --           ;                 ; --       ; --           ;
; D21      ; 376        ; 7A       ; RESERVED_INPUT_WITH_WEAK_PULLUP ;        ;              ;                     ; Column I/O   ;                 ; no       ; On           ;
; D22      ; 392        ; 7A       ; RESERVED_INPUT_WITH_WEAK_PULLUP ;        ;              ;                     ; Column I/O   ;                 ; no       ; On           ;
; E1       ; 20         ; B1L      ; GXB_NC                          ;        ;              ;                     ; --           ;                 ; --       ; --           ;
; E2       ; 21         ; B1L      ; GXB_NC                          ;        ;              ;                     ; --           ;                 ; --       ; --           ;
; E3       ;            ;          ; GND                             ; gnd    ;              ;                     ; --           ;                 ; --       ; --           ;
; E4       ;            ;          ; GND                             ; gnd    ;              ;                     ; --           ;                 ; --       ; --           ;
; E5       ; 539        ; 9A       ; ^MSEL3                          ;        ;              ;                     ; --           ;                 ; --       ; --           ;
; E6       ;            ; --       ; VCC_AUX                         ; power  ;              ; 2.5V                ; --           ;                 ; --       ; --           ;
; E7       ; 484        ; 8A       ; RESERVED_INPUT_WITH_WEAK_PULLUP ;        ;              ;                     ; Column I/O   ;                 ; no       ; On           ;
; E8       ;            ; 8A       ; VCCIO8A                         ; power  ;              ; 2.5V                ; --           ;                 ; --       ; --           ;
; E9       ; 477        ; 8A       ; RESERVED_INPUT_WITH_WEAK_PULLUP ;        ;              ;                     ; Column I/O   ;                 ; no       ; On           ;
; E10      ; 469        ; 8A       ; RESERVED_INPUT_WITH_WEAK_PULLUP ;        ;              ;                     ; Column I/O   ;                 ; no       ; On           ;
; E11      ;            ; 7A, 8A   ; VCCPD7A8A                       ; power  ;              ; 2.5V                ; --           ;                 ; --       ; --           ;
; E12      ; 451        ; 7A       ; RESERVED_INPUT_WITH_WEAK_PULLUP ;        ;              ;                     ; Column I/O   ;                 ; no       ; On           ;
; E13      ;            ;          ; GND                             ; gnd    ;              ;                     ; --           ;                 ; --       ; --           ;
; E14      ; 433        ; 7A       ; RESERVED_INPUT_WITH_WEAK_PULLUP ;        ;              ;                     ; Column I/O   ;                 ; no       ; On           ;
; E15      ; 417        ; 7A       ; RESERVED_INPUT_WITH_WEAK_PULLUP ;        ;              ;                     ; Column I/O   ;                 ; no       ; On           ;
; E16      ; 411        ; 7A       ; RESERVED_INPUT_WITH_WEAK_PULLUP ;        ;              ;                     ; Column I/O   ;                 ; no       ; On           ;
; E17      ;            ;          ; DNU                             ;        ;              ;                     ; --           ;                 ; --       ; --           ;
; E18      ;            ; 7A       ; VCCIO7A                         ; power  ;              ; 2.5V                ; --           ;                 ; --       ; --           ;
; E19      ; 377        ; 7A       ; RESERVED_INPUT_WITH_WEAK_PULLUP ;        ;              ;                     ; Column I/O   ;                 ; no       ; On           ;
; E20      ; 398        ; 7A       ; RESERVED_INPUT_WITH_WEAK_PULLUP ;        ;              ;                     ; Column I/O   ;                 ; no       ; On           ;
; E21      ; 374        ; 7A       ; RESERVED_INPUT_WITH_WEAK_PULLUP ;        ;              ;                     ; Column I/O   ;                 ; no       ; On           ;
; E22      ; 390        ; 7A       ; RESERVED_INPUT_WITH_WEAK_PULLUP ;        ;              ;                     ; Column I/O   ;                 ; no       ; On           ;
; F1       ;            ;          ; GND                             ; gnd    ;              ;                     ; --           ;                 ; --       ; --           ;
; F2       ;            ;          ; GND                             ; gnd    ;              ;                     ; --           ;                 ; --       ; --           ;
; F3       ; 541        ; 9A       ; ^MSEL4                          ;        ;              ;                     ; --           ;                 ; --       ; --           ;
; F4       ;            ; --       ; VCCA_FPLL                       ; power  ;              ; 2.5V                ; --           ;                 ; --       ; --           ;
; F5       ; 14         ; B1L      ; GND                             ;        ;              ;                     ; Row I/O      ;                 ; --       ; --           ;
; F6       ;            ;          ; GND                             ; gnd    ;              ;                     ; --           ;                 ; --       ; --           ;
; F7       ; 482        ; 8A       ; RESERVED_INPUT_WITH_WEAK_PULLUP ;        ;              ;                     ; Column I/O   ;                 ; no       ; On           ;
; F8       ;            ; --       ; VCCPGM                          ; power  ;              ; 1.8V/2.5V/3.0V/3.3V ; --           ;                 ; --       ; --           ;
; F9       ; 471        ; 8A       ; RESERVED_INPUT_WITH_WEAK_PULLUP ;        ;              ;                     ; Column I/O   ;                 ; no       ; On           ;
; F10      ; 455        ; 8A       ; RESERVED_INPUT_WITH_WEAK_PULLUP ;        ;              ;                     ; Column I/O   ;                 ; no       ; On           ;
; F11      ;            ; 7A       ; VCCIO7A                         ; power  ;              ; 2.5V                ; --           ;                 ; --       ; --           ;
; F12      ; 440        ; 7A       ; RESERVED_INPUT_WITH_WEAK_PULLUP ;        ;              ;                     ; Column I/O   ;                 ; no       ; On           ;
; F13      ; 435        ; 7A       ; RESERVED_INPUT_WITH_WEAK_PULLUP ;        ;              ;                     ; Column I/O   ;                 ; no       ; On           ;
; F14      ; 428        ; 7A       ; RESERVED_INPUT_WITH_WEAK_PULLUP ;        ;              ;                     ; Column I/O   ;                 ; no       ; On           ;
; F15      ; 419        ; 7A       ; RESERVED_INPUT_WITH_WEAK_PULLUP ;        ;              ;                     ; Column I/O   ;                 ; no       ; On           ;
; F16      ;            ;          ; GND                             ; gnd    ;              ;                     ; --           ;                 ; --       ; --           ;
; F17      ; 372        ; 7A       ; ^GND                            ;        ;              ;                     ; --           ;                 ; --       ; --           ;
; F18      ; 399        ; 7A       ; RESERVED_INPUT_WITH_WEAK_PULLUP ;        ;              ;                     ; Column I/O   ;                 ; no       ; On           ;
; F19      ; 397        ; 7A       ; RESERVED_INPUT_WITH_WEAK_PULLUP ;        ;              ;                     ; Column I/O   ;                 ; no       ; On           ;
; F20      ; 400        ; 7A       ; RESERVED_INPUT_WITH_WEAK_PULLUP ;        ;              ;                     ; Column I/O   ;                 ; no       ; On           ;
; F21      ;            ; 7A       ; VCCIO7A                         ; power  ;              ; 2.5V                ; --           ;                 ; --       ; --           ;
; F22      ; 388        ; 7A       ; RESERVED_INPUT_WITH_WEAK_PULLUP ;        ;              ;                     ; Column I/O   ;                 ; no       ; On           ;
; G1       ; 23         ; B1L      ; GND                             ;        ;              ;                     ; --           ;                 ; --       ; --           ;
; G2       ; 22         ; B1L      ; GND                             ;        ;              ;                     ; --           ;                 ; --       ; --           ;
; G3       ;            ;          ; GND                             ; gnd    ;              ;                     ; --           ;                 ; --       ; --           ;
; G4       ; 15         ; B1L      ; GND                             ;        ;              ;                     ; Row I/O      ;                 ; --       ; --           ;
; G5       ; 537        ; 9A       ; ^nCE                            ;        ;              ;                     ; --           ;                 ; --       ; --           ;
; G6       ; 481        ; 8A       ; RESERVED_INPUT_WITH_WEAK_PULLUP ;        ;              ;                     ; Column I/O   ;                 ; no       ; On           ;
; G7       ;            ; 8A       ; VCCIO8A                         ; power  ;              ; 2.5V                ; --           ;                 ; --       ; --           ;
; G8       ; 460        ; 8A       ; RESERVED_INPUT_WITH_WEAK_PULLUP ;        ;              ;                     ; Column I/O   ;                 ; no       ; On           ;
; G9       ;            ;          ; GND                             ; gnd    ;              ;                     ; --           ;                 ; --       ; --           ;
; G10      ; 453        ; 8A       ; RESERVED_INPUT_WITH_WEAK_PULLUP ;        ;              ;                     ; Column I/O   ;                 ; no       ; On           ;
; G11      ; 438        ; 7A       ; RESERVED_INPUT_WITH_WEAK_PULLUP ;        ;              ;                     ; Column I/O   ;                 ; no       ; On           ;
; G12      ; 447        ; 7A       ; RESERVED_INPUT_WITH_WEAK_PULLUP ;        ;              ;                     ; Column I/O   ;                 ; no       ; On           ;
; G13      ; 439        ; 7A       ; RESERVED_INPUT_WITH_WEAK_PULLUP ;        ;              ;                     ; Column I/O   ;                 ; no       ; On           ;
; G14      ;            ; 7A       ; VCCIO7A                         ; power  ;              ; 2.5V                ; --           ;                 ; --       ; --           ;
; G15      ; 426        ; 7A       ; RESERVED_INPUT_WITH_WEAK_PULLUP ;        ;              ;                     ; Column I/O   ;                 ; no       ; On           ;
; G16      ; 412        ; 7A       ; RESERVED_INPUT_WITH_WEAK_PULLUP ;        ;              ;                     ; Column I/O   ;                 ; no       ; On           ;
; G17      ; 410        ; 7A       ; RESERVED_INPUT_WITH_WEAK_PULLUP ;        ;              ;                     ; Column I/O   ;                 ; no       ; On           ;
; G18      ; 413        ; 7A       ; RESERVED_INPUT_WITH_WEAK_PULLUP ;        ;              ;                     ; Column I/O   ;                 ; no       ; On           ;
; G19      ;            ;          ; GND                             ; gnd    ;              ;                     ; --           ;                 ; --       ; --           ;
; G20      ; 389        ; 7A       ; RESERVED_INPUT_WITH_WEAK_PULLUP ;        ;              ;                     ; Column I/O   ;                 ; no       ; On           ;
; G21      ; 375        ; 7A       ; RESERVED_INPUT_WITH_WEAK_PULLUP ;        ;              ;                     ; Column I/O   ;                 ; no       ; On           ;
; G22      ; 386        ; 7A       ; RESERVED_INPUT_WITH_WEAK_PULLUP ;        ;              ;                     ; Column I/O   ;                 ; no       ; On           ;
; H1       ;            ;          ; GND                             ; gnd    ;              ;                     ; --           ;                 ; --       ; --           ;
; H2       ;            ;          ; GND                             ; gnd    ;              ;                     ; --           ;                 ; --       ; --           ;
; H3       ;            ;          ; GND                             ; gnd    ;              ;                     ; --           ;                 ; --       ; --           ;
; H4       ;            ;          ; GND                             ; gnd    ;              ;                     ; --           ;                 ; --       ; --           ;
; H5       ; 536        ; 9A       ; ^nSTATUS                        ;        ;              ;                     ; --           ;                 ; --       ; --           ;
; H6       ; 483        ; 8A       ; RESERVED_INPUT_WITH_WEAK_PULLUP ;        ;              ;                     ; Column I/O   ;                 ; no       ; On           ;
; H7       ;            ;          ; GND                             ; gnd    ;              ;                     ; --           ;                 ; --       ; --           ;
; H8       ; 458        ; 8A       ; RESERVED_INPUT_WITH_WEAK_PULLUP ;        ;              ;                     ; Column I/O   ;                 ; no       ; On           ;
; H9       ; 463        ; 8A       ; RESERVED_INPUT_WITH_WEAK_PULLUP ;        ;              ;                     ; Column I/O   ;                 ; no       ; On           ;
; H10      ; 436        ; 7A       ; instruction_in[12]              ; input  ; 2.5 V        ;                     ; Column I/O   ; N               ; no       ; Off          ;
; H11      ; 445        ; 7A       ; RESERVED_INPUT_WITH_WEAK_PULLUP ;        ;              ;                     ; Column I/O   ;                 ; no       ; On           ;
; H12      ;            ;          ; GND                             ; gnd    ;              ;                     ; --           ;                 ; --       ; --           ;
; H13      ; 437        ; 7A       ; instruction_in[7]               ; input  ; 2.5 V        ;                     ; Column I/O   ; N               ; no       ; Off          ;
; H14      ; 429        ; 7A       ; RESERVED_INPUT_WITH_WEAK_PULLUP ;        ;              ;                     ; Column I/O   ;                 ; no       ; On           ;
; H15      ; 423        ; 7A       ; RESERVED_INPUT_WITH_WEAK_PULLUP ;        ;              ;                     ; Column I/O   ;                 ; no       ; On           ;
; H16      ; 421        ; 7A       ; RESERVED_INPUT_WITH_WEAK_PULLUP ;        ;              ;                     ; Column I/O   ;                 ; no       ; On           ;
; H17      ;            ; 7A       ; VCCIO7A                         ; power  ;              ; 2.5V                ; --           ;                 ; --       ; --           ;
; H18      ; 415        ; 7A       ; RESERVED_INPUT_WITH_WEAK_PULLUP ;        ;              ;                     ; Column I/O   ;                 ; no       ; On           ;
; H19      ;            ; --       ; VCCA_FPLL                       ; power  ;              ; 2.5V                ; --           ;                 ; --       ; --           ;
; H20      ; 391        ; 7A       ; RESERVED_INPUT_WITH_WEAK_PULLUP ;        ;              ;                     ; Column I/O   ;                 ; no       ; On           ;
; H21      ; 373        ; 7A       ; RESERVED_INPUT_WITH_WEAK_PULLUP ;        ;              ;                     ; Column I/O   ;                 ; no       ; On           ;
; H22      ;            ;          ; GND                             ; gnd    ;              ;                     ; --           ;                 ; --       ; --           ;
; J1       ; 24         ; B1L      ; GXB_NC                          ;        ;              ;                     ; --           ;                 ; --       ; --           ;
; J2       ; 25         ; B1L      ; GXB_NC                          ;        ;              ;                     ; --           ;                 ; --       ; --           ;
; J3       ;            ;          ; GND                             ; gnd    ;              ;                     ; --           ;                 ; --       ; --           ;
; J4       ;            ; --       ; VCCE_GXBL                       ; power  ;              ; 1.1V                ; --           ;                 ; --       ; --           ;
; J5       ;            ;          ; GND                             ; gnd    ;              ;                     ; --           ;                 ; --       ; --           ;
; J6       ; 535        ; 9A       ; ^MSEL1                          ;        ;              ;                     ; --           ;                 ; --       ; --           ;
; J7       ; 457        ; 8A       ; RESERVED_INPUT_WITH_WEAK_PULLUP ;        ;              ;                     ; Column I/O   ;                 ; no       ; On           ;
; J8       ; 459        ; 8A       ; RESERVED_INPUT_WITH_WEAK_PULLUP ;        ;              ;                     ; Column I/O   ;                 ; no       ; On           ;
; J9       ; 461        ; 8A       ; RESERVED_INPUT_WITH_WEAK_PULLUP ;        ;              ;                     ; Column I/O   ;                 ; no       ; On           ;
; J10      ;            ; --       ; VCC                             ; power  ;              ; 1.1V                ; --           ;                 ; --       ; --           ;
; J11      ; 434        ; 7A       ; RESERVED_INPUT_WITH_WEAK_PULLUP ;        ;              ;                     ; Column I/O   ;                 ; no       ; On           ;
; J12      ;            ; --       ; VCC                             ; power  ;              ; 1.1V                ; --           ;                 ; --       ; --           ;
; J13      ; 431        ; 7A       ; RESERVED_INPUT_WITH_WEAK_PULLUP ;        ;              ;                     ; Column I/O   ;                 ; no       ; On           ;
; J14      ;            ; --       ; VCC                             ; power  ;              ; 1.1V                ; --           ;                 ; --       ; --           ;
; J15      ;            ;          ; GND                             ; gnd    ;              ;                     ; --           ;                 ; --       ; --           ;
; J16      ;            ; --       ; VCC                             ; power  ;              ; 1.1V                ; --           ;                 ; --       ; --           ;
; J17      ; 422        ; 7A       ; RESERVED_INPUT_WITH_WEAK_PULLUP ;        ;              ;                     ; Column I/O   ;                 ; no       ; On           ;
; J18      ; 416        ; 7A       ; RESERVED_INPUT_WITH_WEAK_PULLUP ;        ;              ;                     ; Column I/O   ;                 ; no       ; On           ;
; J19      ; 414        ; 7A       ; RESERVED_INPUT_WITH_WEAK_PULLUP ;        ;              ;                     ; Column I/O   ;                 ; no       ; On           ;
; J20      ;            ;          ; GND                             ; gnd    ;              ;                     ; --           ;                 ; --       ; --           ;
; J21      ; 381        ; 7A       ; RESERVED_INPUT_WITH_WEAK_PULLUP ;        ;              ;                     ; Column I/O   ;                 ; no       ; On           ;
; J22      ; 383        ; 7A       ; RESERVED_INPUT_WITH_WEAK_PULLUP ;        ;              ;                     ; Column I/O   ;                 ; no       ; On           ;
; K1       ;            ;          ; GND                             ; gnd    ;              ;                     ; --           ;                 ; --       ; --           ;
; K2       ;            ;          ; GND                             ; gnd    ;              ;                     ; --           ;                 ; --       ; --           ;
; K3       ;            ; --       ; VCCL_GXBL                       ; power  ;              ; 1.1V                ; --           ;                 ; --       ; --           ;
; K4       ;            ;          ; GND                             ; gnd    ;              ;                     ; --           ;                 ; --       ; --           ;
; K5       ;            ; --       ; VCCE_GXBL                       ; power  ;              ; 1.1V                ; --           ;                 ; --       ; --           ;
; K6       ; 534        ; 9A       ; ^CONF_DONE                      ;        ;              ;                     ; --           ;                 ; --       ; --           ;
; K7       ; 456        ; 8A       ; RESERVED_INPUT_WITH_WEAK_PULLUP ;        ;              ;                     ; Column I/O   ;                 ; no       ; On           ;
; K8       ;            ;          ; GND                             ; gnd    ;              ;                     ; --           ;                 ; --       ; --           ;
; K9       ; 448        ; 7A       ; RESERVED_INPUT_WITH_WEAK_PULLUP ;        ;              ;                     ; Column I/O   ;                 ; no       ; On           ;
; K10      ;            ;          ; GND                             ; gnd    ;              ;                     ; --           ;                 ; --       ; --           ;
; K11      ;            ; --       ; VCC                             ; power  ;              ; 1.1V                ; --           ;                 ; --       ; --           ;
; K12      ;            ;          ; GND                             ; gnd    ;              ;                     ; --           ;                 ; --       ; --           ;
; K13      ;            ; --       ; VCC                             ; power  ;              ; 1.1V                ; --           ;                 ; --       ; --           ;
; K14      ;            ;          ; GND                             ; gnd    ;              ;                     ; --           ;                 ; --       ; --           ;
; K15      ;            ; --       ; VCC                             ; power  ;              ; 1.1V                ; --           ;                 ; --       ; --           ;
; K16      ; 424        ; 7A       ; RESERVED_INPUT_WITH_WEAK_PULLUP ;        ;              ;                     ; Column I/O   ;                 ; no       ; On           ;
; K17      ; 284        ; 5B       ; RESERVED_INPUT_WITH_WEAK_PULLUP ;        ;              ;                     ; Row I/O      ;                 ; no       ; On           ;
; K18      ;            ; 5B       ; VCCIO5B                         ; power  ;              ; 2.5V                ; --           ;                 ; --       ; --           ;
; K19      ; 407        ; 7A       ; RESERVED_INPUT_WITH_WEAK_PULLUP ;        ;              ;                     ; Column I/O   ;                 ; no       ; On           ;
; K20      ; 405        ; 7A       ; RESERVED_INPUT_WITH_WEAK_PULLUP ;        ;              ;                     ; Column I/O   ;                 ; no       ; On           ;
; K21      ; 289        ; 5B       ; RESERVED_INPUT_WITH_WEAK_PULLUP ;        ;              ;                     ; Row I/O      ;                 ; no       ; On           ;
; K22      ; 291        ; 5B       ; RESERVED_INPUT_WITH_WEAK_PULLUP ;        ;              ;                     ; Row I/O      ;                 ; no       ; On           ;
; L1       ; 27         ; B1L      ; GND                             ;        ;              ;                     ; --           ;                 ; --       ; --           ;
; L2       ; 26         ; B1L      ; GND                             ;        ;              ;                     ; --           ;                 ; --       ; --           ;
; L3       ;            ;          ; GND                             ; gnd    ;              ;                     ; --           ;                 ; --       ; --           ;
; L4       ;            ; --       ; VCCE_GXBL                       ; power  ;              ; 1.1V                ; --           ;                 ; --       ; --           ;
; L5       ;            ;          ; GND                             ; gnd    ;              ;                     ; --           ;                 ; --       ; --           ;
; L6       ; 533        ; 9A       ; ^MSEL0                          ;        ;              ;                     ; --           ;                 ; --       ; --           ;
; L7       ; 454        ; 8A       ; RESERVED_INPUT_WITH_WEAK_PULLUP ;        ;              ;                     ; Column I/O   ;                 ; no       ; On           ;
; L8       ; 446        ; 7A       ; RESERVED_INPUT_WITH_WEAK_PULLUP ;        ;              ;                     ; Column I/O   ;                 ; no       ; On           ;
; L9       ;            ;          ; DNU                             ;        ;              ;                     ; --           ;                 ; --       ; --           ;
; L10      ;            ; --       ; VCC                             ; power  ;              ; 1.1V                ; --           ;                 ; --       ; --           ;
; L11      ;            ;          ; GND                             ; gnd    ;              ;                     ; --           ;                 ; --       ; --           ;
; L12      ;            ; --       ; VCC                             ; power  ;              ; 1.1V                ; --           ;                 ; --       ; --           ;
; L13      ;            ;          ; GND                             ; gnd    ;              ;                     ; --           ;                 ; --       ; --           ;
; L14      ;            ; --       ; VCC                             ; power  ;              ; 1.1V                ; --           ;                 ; --       ; --           ;
; L15      ;            ;          ; GND                             ; gnd    ;              ;                     ; --           ;                 ; --       ; --           ;
; L16      ;            ; --       ; VCC                             ; power  ;              ; 1.1V                ; --           ;                 ; --       ; --           ;
; L17      ; 286        ; 5B       ; RESERVED_INPUT_WITH_WEAK_PULLUP ;        ;              ;                     ; Row I/O      ;                 ; no       ; On           ;
; L18      ; 290        ; 5B       ; RESERVED_INPUT_WITH_WEAK_PULLUP ;        ;              ;                     ; Row I/O      ;                 ; no       ; On           ;
; L19      ; 288        ; 5B       ; RESERVED_INPUT_WITH_WEAK_PULLUP ;        ;              ;                     ; Row I/O      ;                 ; no       ; On           ;
; L20      ;            ; 5B       ; VREFB5BN0                       ; power  ;              ;                     ; --           ;                 ; --       ; --           ;
; L21      ;            ;          ; GND                             ; gnd    ;              ;                     ; --           ;                 ; --       ; --           ;
; L22      ; 283        ; 5B       ; RESERVED_INPUT_WITH_WEAK_PULLUP ;        ;              ;                     ; Row I/O      ;                 ; no       ; On           ;
; M1       ;            ;          ; GND                             ; gnd    ;              ;                     ; --           ;                 ; --       ; --           ;
; M2       ;            ;          ; GND                             ; gnd    ;              ;                     ; --           ;                 ; --       ; --           ;
; M3       ;            ; --       ; VCCH_GXBL                       ; power  ;              ; 2.5V                ; --           ;                 ; --       ; --           ;
; M4       ;            ;          ; GND                             ; gnd    ;              ;                     ; --           ;                 ; --       ; --           ;
; M5       ; 42         ; 3A       ; #TDO                            ; output ;              ;                     ; --           ;                 ; --       ; --           ;
; M6       ; 64         ; 3A       ; RESERVED_INPUT_WITH_WEAK_PULLUP ;        ;              ;                     ; Column I/O   ;                 ; no       ; On           ;
; M7       ; 66         ; 3A       ; RESERVED_INPUT_WITH_WEAK_PULLUP ;        ;              ;                     ; Column I/O   ;                 ; no       ; On           ;
; M8       ; 112        ; 3B       ; RESERVED_INPUT_WITH_WEAK_PULLUP ;        ;              ;                     ; Column I/O   ;                 ; no       ; On           ;
; M9       ; 114        ; 3B       ; RESERVED_INPUT_WITH_WEAK_PULLUP ;        ;              ;                     ; Column I/O   ;                 ; no       ; On           ;
; M10      ;            ;          ; GND                             ; gnd    ;              ;                     ; --           ;                 ; --       ; --           ;
; M11      ;            ; --       ; VCC                             ; power  ;              ; 1.1V                ; --           ;                 ; --       ; --           ;
; M12      ;            ;          ; GND                             ; gnd    ;              ;                     ; --           ;                 ; --       ; --           ;
; M13      ;            ; --       ; VCC                             ; power  ;              ; 1.1V                ; --           ;                 ; --       ; --           ;
; M14      ;            ;          ; GND                             ; gnd    ;              ;                     ; --           ;                 ; --       ; --           ;
; M15      ;            ; --       ; VCC                             ; power  ;              ; 1.1V                ; --           ;                 ; --       ; --           ;
; M16      ; 278        ; 5B       ; clk                             ; input  ; 2.5 V        ;                     ; Row I/O      ; N               ; no       ; Off          ;
; M17      ;            ; 5B       ; VCCPD5B                         ; power  ;              ; 2.5V                ; --           ;                 ; --       ; --           ;
; M18      ; 282        ; 5B       ; RESERVED_INPUT_WITH_WEAK_PULLUP ;        ;              ;                     ; Row I/O      ;                 ; no       ; On           ;
; M19      ;            ; 5B       ; VCCIO5B                         ; power  ;              ; 2.5V                ; --           ;                 ; --       ; --           ;
; M20      ; 285        ; 5B       ; RESERVED_INPUT_WITH_WEAK_PULLUP ;        ;              ;                     ; Row I/O      ;                 ; no       ; On           ;
; M21      ; 287        ; 5B       ; RESERVED_INPUT_WITH_WEAK_PULLUP ;        ;              ;                     ; Row I/O      ;                 ; no       ; On           ;
; M22      ; 281        ; 5B       ; RESERVED_INPUT_WITH_WEAK_PULLUP ;        ;              ;                     ; Row I/O      ;                 ; no       ; On           ;
; N1       ; 28         ; B0L      ; GXB_NC                          ;        ;              ;                     ; --           ;                 ; --       ; --           ;
; N2       ; 29         ; B0L      ; GXB_NC                          ;        ;              ;                     ; --           ;                 ; --       ; --           ;
; N3       ;            ;          ; GND                             ; gnd    ;              ;                     ; --           ;                 ; --       ; --           ;
; N4       ;            ; --       ; VCCE_GXBL                       ; power  ;              ; 1.1V                ; --           ;                 ; --       ; --           ;
; N5       ;            ;          ; GND                             ; gnd    ;              ;                     ; --           ;                 ; --       ; --           ;
; N6       ; 58         ; 3A       ; RESERVED_INPUT_WITH_WEAK_PULLUP ;        ;              ;                     ; Column I/O   ;                 ; no       ; On           ;
; N7       ;            ;          ; GND                             ; gnd    ;              ;                     ; --           ;                 ; --       ; --           ;
; N8       ; 106        ; 3B       ; RESERVED_INPUT_WITH_WEAK_PULLUP ;        ;              ;                     ; Column I/O   ;                 ; no       ; On           ;
; N9       ; 130        ; 3B       ; RESERVED_INPUT_WITH_WEAK_PULLUP ;        ;              ;                     ; Column I/O   ;                 ; no       ; On           ;
; N10      ;            ; --       ; VCC                             ; power  ;              ; 1.1V                ; --           ;                 ; --       ; --           ;
; N11      ;            ;          ; GND                             ; gnd    ;              ;                     ; --           ;                 ; --       ; --           ;
; N12      ;            ; --       ; VCC                             ; power  ;              ; 1.1V                ; --           ;                 ; --       ; --           ;
; N13      ;            ;          ; GND                             ; gnd    ;              ;                     ; --           ;                 ; --       ; --           ;
; N14      ;            ; --       ; VCC                             ; power  ;              ; 1.1V                ; --           ;                 ; --       ; --           ;
; N15      ;            ;          ; GND                             ; gnd    ;              ;                     ; --           ;                 ; --       ; --           ;
; N16      ; 276        ; 5B       ; RESERVED_INPUT_WITH_WEAK_PULLUP ;        ;              ;                     ; Row I/O      ;                 ; no       ; On           ;
; N17      ;            ;          ; GND                             ; gnd    ;              ;                     ; --           ;                 ; --       ; --           ;
; N18      ;            ; 5B       ; VCCPD5B                         ; power  ;              ; 2.5V                ; --           ;                 ; --       ; --           ;
; N19      ; 280        ; 5B       ; RESERVED_INPUT_WITH_WEAK_PULLUP ;        ;              ;                     ; Row I/O      ;                 ; no       ; On           ;
; N20      ; 277        ; 5B       ; RESERVED_INPUT_WITH_WEAK_PULLUP ;        ;              ;                     ; Row I/O      ;                 ; no       ; On           ;
; N21      ; 279        ; 5B       ; RESERVED_INPUT_WITH_WEAK_PULLUP ;        ;              ;                     ; Row I/O      ;                 ; no       ; On           ;
; N22      ;            ;          ; GND                             ; gnd    ;              ;                     ; --           ;                 ; --       ; --           ;
; P1       ;            ;          ; GND                             ; gnd    ;              ;                     ; --           ;                 ; --       ; --           ;
; P2       ;            ;          ; GND                             ; gnd    ;              ;                     ; --           ;                 ; --       ; --           ;
; P3       ;            ; --       ; VCCL_GXBL                       ; power  ;              ; 1.1V                ; --           ;                 ; --       ; --           ;
; P4       ;            ;          ; GND                             ; gnd    ;              ;                     ; --           ;                 ; --       ; --           ;
; P5       ; 44         ; 3A       ; #TMS                            ; input  ;              ;                     ; --           ;                 ; --       ; --           ;
; P6       ; 56         ; 3A       ; RESERVED_INPUT_WITH_WEAK_PULLUP ;        ;              ;                     ; Column I/O   ;                 ; no       ; On           ;
; P7       ; 67         ; 3A       ; RESERVED_INPUT_WITH_WEAK_PULLUP ;        ;              ;                     ; Column I/O   ;                 ; no       ; On           ;
; P8       ; 104        ; 3B       ; RESERVED_INPUT_WITH_WEAK_PULLUP ;        ;              ;                     ; Column I/O   ;                 ; no       ; On           ;
; P9       ; 128        ; 3B       ; RESERVED_INPUT_WITH_WEAK_PULLUP ;        ;              ;                     ; Column I/O   ;                 ; no       ; On           ;
; P10      ;            ;          ; GND                             ; gnd    ;              ;                     ; --           ;                 ; --       ; --           ;
; P11      ;            ; --       ; VCC                             ; power  ;              ; 1.1V                ; --           ;                 ; --       ; --           ;
; P12      ; 123        ; 3B       ; RESERVED_INPUT_WITH_WEAK_PULLUP ;        ;              ;                     ; Column I/O   ;                 ; no       ; On           ;
; P13      ;            ; --       ; VCC                             ; power  ;              ; 1.1V                ; --           ;                 ; --       ; --           ;
; P14      ; 168        ; 4A       ; instruction_in[11]              ; input  ; 2.5 V        ;                     ; Column I/O   ; N               ; no       ; Off          ;
; P15      ;            ; --       ; VCC                             ; power  ;              ; 1.1V                ; --           ;                 ; --       ; --           ;
; P16      ; 225        ; 5A       ; RESERVED_INPUT_WITH_WEAK_PULLUP ;        ;              ;                     ; Row I/O      ;                 ; no       ; On           ;
; P17      ; 227        ; 5A       ; RESERVED_INPUT_WITH_WEAK_PULLUP ;        ;              ;                     ; Row I/O      ;                 ; no       ; On           ;
; P18      ; 226        ; 5A       ; RESERVED_INPUT_WITH_WEAK_PULLUP ;        ;              ;                     ; Row I/O      ;                 ; no       ; On           ;
; P19      ; 224        ; 5A       ; RESERVED_INPUT_WITH_WEAK_PULLUP ;        ;              ;                     ; Row I/O      ;                 ; no       ; On           ;
; P20      ;            ; 5A       ; VCCIO5A                         ; power  ;              ; 2.5V                ; --           ;                 ; --       ; --           ;
; P21      ;            ; 5A       ; VCCPD5A                         ; power  ;              ; 2.5V                ; --           ;                 ; --       ; --           ;
; P22      ; 222        ; 5A       ; RESERVED_INPUT_WITH_WEAK_PULLUP ;        ;              ;                     ; Row I/O      ;                 ; no       ; On           ;
; R1       ; 31         ; B0L      ; GND                             ;        ;              ;                     ; --           ;                 ; --       ; --           ;
; R2       ; 30         ; B0L      ; GND                             ;        ;              ;                     ; --           ;                 ; --       ; --           ;
; R3       ;            ;          ; GND                             ; gnd    ;              ;                     ; --           ;                 ; --       ; --           ;
; R4       ; 43         ; 3A       ; ^nCSO, DATA4                    ;        ;              ;                     ; Weak Pull Up ;                 ; --       ; On           ;
; R5       ; 54         ; 3A       ; RESERVED_INPUT_WITH_WEAK_PULLUP ;        ;              ;                     ; Column I/O   ;                 ; no       ; On           ;
; R6       ; 52         ; 3A       ; RESERVED_INPUT_WITH_WEAK_PULLUP ;        ;              ;                     ; Column I/O   ;                 ; no       ; On           ;
; R7       ; 65         ; 3A       ; RESERVED_INPUT_WITH_WEAK_PULLUP ;        ;              ;                     ; Column I/O   ;                 ; no       ; On           ;
; R8       ;            ; 3B       ; VCCIO3B                         ; power  ;              ; 2.5V                ; --           ;                 ; --       ; --           ;
; R9       ; 119        ; 3B       ; RESERVED_INPUT_WITH_WEAK_PULLUP ;        ;              ;                     ; Column I/O   ;                 ; no       ; On           ;
; R10      ; 125        ; 3B       ; RESERVED_INPUT_WITH_WEAK_PULLUP ;        ;              ;                     ; Column I/O   ;                 ; no       ; On           ;
; R11      ; 127        ; 3B       ; instruction_in[10]              ; input  ; 2.5 V        ;                     ; Column I/O   ; N               ; no       ; Off          ;
; R12      ; 121        ; 3B       ; RESERVED_INPUT_WITH_WEAK_PULLUP ;        ;              ;                     ; Column I/O   ;                 ; no       ; On           ;
; R13      ;            ;          ; GND                             ; gnd    ;              ;                     ; --           ;                 ; --       ; --           ;
; R14      ; 170        ; 4A       ; RESERVED_INPUT_WITH_WEAK_PULLUP ;        ;              ;                     ; Column I/O   ;                 ; no       ; On           ;
; R15      ; 219        ; 5A       ; RESERVED_INPUT_WITH_WEAK_PULLUP ;        ;              ;                     ; Row I/O      ;                 ; no       ; On           ;
; R16      ; 221        ; 5A       ; RESERVED_INPUT_WITH_WEAK_PULLUP ;        ;              ;                     ; Row I/O      ;                 ; no       ; On           ;
; R17      ; 223        ; 5A       ; RESERVED_INPUT_WITH_WEAK_PULLUP ;        ;              ;                     ; Row I/O      ;                 ; no       ; On           ;
; R18      ;            ; 5A       ; VCCIO5A                         ; power  ;              ; 2.5V                ; --           ;                 ; --       ; --           ;
; R19      ;            ; --       ; VCCPGM                          ; power  ;              ; 1.8V/2.5V/3.0V/3.3V ; --           ;                 ; --       ; --           ;
; R20      ;            ; 5A       ; VREFB5AN0                       ; power  ;              ;                     ; --           ;                 ; --       ; --           ;
; R21      ; 220        ; 5A       ; RESERVED_INPUT_WITH_WEAK_PULLUP ;        ;              ;                     ; Row I/O      ;                 ; no       ; On           ;
; R22      ; 218        ; 5A       ; RESERVED_INPUT_WITH_WEAK_PULLUP ;        ;              ;                     ; Row I/O      ;                 ; no       ; On           ;
; T1       ;            ;          ; GND                             ; gnd    ;              ;                     ; --           ;                 ; --       ; --           ;
; T2       ;            ;          ; GND                             ; gnd    ;              ;                     ; --           ;                 ; --       ; --           ;
; T3       ;            ; --       ; VCCH_GXBL                       ; power  ;              ; 2.5V                ; --           ;                 ; --       ; --           ;
; T4       ; 45         ; 3A       ; ^AS_DATA3, DATA3                ;        ;              ;                     ; Weak Pull Up ;                 ; --       ; On           ;
; T5       ;            ; --       ; VCCA_FPLL                       ; power  ;              ; 2.5V                ; --           ;                 ; --       ; --           ;
; T6       ;            ; 3A       ; VCCIO3A                         ; power  ;              ; 2.5V                ; --           ;                 ; --       ; --           ;
; T7       ; 60         ; 3A       ; RESERVED_INPUT_WITH_WEAK_PULLUP ;        ;              ;                     ; Column I/O   ;                 ; no       ; On           ;
; T8       ; 62         ; 3A       ; RESERVED_INPUT_WITH_WEAK_PULLUP ;        ;              ;                     ; Column I/O   ;                 ; no       ; On           ;
; T9       ; 109        ; 3B       ; RESERVED_INPUT_WITH_WEAK_PULLUP ;        ;              ;                     ; Column I/O   ;                 ; no       ; On           ;
; T10      ; 117        ; 3B       ; RESERVED_INPUT_WITH_WEAK_PULLUP ;        ;              ;                     ; Column I/O   ;                 ; no       ; On           ;
; T11      ;            ; 3B       ; VCCIO3B                         ; power  ;              ; 2.5V                ; --           ;                 ; --       ; --           ;
; T12      ; 136        ; 4A       ; pc_out[7]                       ; output ; 2.5 V        ;                     ; Column I/O   ; N               ; no       ; Off          ;
; T13      ; 138        ; 4A       ; pc_out[11]                      ; output ; 2.5 V        ;                     ; Column I/O   ; N               ; no       ; Off          ;
; T14      ; 152        ; 4A       ; instruction_in[1]               ; input  ; 2.5 V        ;                     ; Column I/O   ; N               ; no       ; Off          ;
; T15      ; 217        ; 5A       ; pc_out[1]                       ; output ; 2.5 V        ;                     ; Row I/O      ; N               ; no       ; Off          ;
; T16      ;            ;          ; GND                             ; gnd    ;              ;                     ; --           ;                 ; --       ; --           ;
; T17      ; 215        ; 5A       ; RESERVED_INPUT_WITH_WEAK_PULLUP ;        ;              ;                     ; Row I/O      ;                 ; no       ; On           ;
; T18      ; 213        ; 5A       ; RESERVED_INPUT_WITH_WEAK_PULLUP ;        ;              ;                     ; Row I/O      ;                 ; no       ; On           ;
; T19      ; 212        ; 5A       ; RESERVED_INPUT_WITH_WEAK_PULLUP ;        ;              ;                     ; Row I/O      ;                 ; no       ; On           ;
; T20      ; 214        ; 5A       ; RESERVED_INPUT_WITH_WEAK_PULLUP ;        ;              ;                     ; Row I/O      ;                 ; no       ; On           ;
; T21      ;            ;          ; GND                             ; gnd    ;              ;                     ; --           ;                 ; --       ; --           ;
; T22      ; 216        ; 5A       ; RESERVED_INPUT_WITH_WEAK_PULLUP ;        ;              ;                     ; Row I/O      ;                 ; no       ; On           ;
; U1       ; 32         ; B0L      ; GXB_NC                          ;        ;              ;                     ; --           ;                 ; --       ; --           ;
; U2       ; 33         ; B0L      ; GXB_NC                          ;        ;              ;                     ; --           ;                 ; --       ; --           ;
; U3       ;            ;          ; GND                             ; gnd    ;              ;                     ; --           ;                 ; --       ; --           ;
; U4       ; 41         ; B0L      ; GND                             ;        ;              ;                     ; Row I/O      ;                 ; --       ; --           ;
; U5       ;            ;          ; GND                             ; gnd    ;              ;                     ; --           ;                 ; --       ; --           ;
; U6       ; 61         ; 3A       ; RESERVED_INPUT_WITH_WEAK_PULLUP ;        ;              ;                     ; Column I/O   ;                 ; no       ; On           ;
; U7       ; 53         ; 3A       ; RESERVED_INPUT_WITH_WEAK_PULLUP ;        ;              ;                     ; Column I/O   ;                 ; no       ; On           ;
; U8       ; 55         ; 3A       ; RESERVED_INPUT_WITH_WEAK_PULLUP ;        ;              ;                     ; Column I/O   ;                 ; no       ; On           ;
; U9       ;            ;          ; GND                             ; gnd    ;              ;                     ; --           ;                 ; --       ; --           ;
; U10      ; 111        ; 3B       ; RESERVED_INPUT_WITH_WEAK_PULLUP ;        ;              ;                     ; Column I/O   ;                 ; no       ; On           ;
; U11      ; 120        ; 3B       ; RESERVED_INPUT_WITH_WEAK_PULLUP ;        ;              ;                     ; Column I/O   ;                 ; no       ; On           ;
; U12      ; 122        ; 3B       ; RESERVED_INPUT_WITH_WEAK_PULLUP ;        ;              ;                     ; Column I/O   ;                 ; no       ; On           ;
; U13      ; 135        ; 4A       ; pc_out[5]                       ; output ; 2.5 V        ;                     ; Column I/O   ; N               ; no       ; Off          ;
; U14      ;            ; 4A       ; VCCIO4A                         ; power  ;              ; 2.5V                ; --           ;                 ; --       ; --           ;
; U15      ; 154        ; 4A       ; pc_out[6]                       ; output ; 2.5 V        ;                     ; Column I/O   ; N               ; no       ; Off          ;
; U16      ; 176        ; 4A       ; RESERVED_INPUT_WITH_WEAK_PULLUP ;        ;              ;                     ; Column I/O   ;                 ; no       ; On           ;
; U17      ; 178        ; 4A       ; RESERVED_INPUT_WITH_WEAK_PULLUP ;        ;              ;                     ; Column I/O   ;                 ; no       ; On           ;
; U18      ;            ; --       ; VCCA_FPLL                       ; power  ;              ; 2.5V                ; --           ;                 ; --       ; --           ;
; U19      ;            ; 4A       ; VCCIO4A                         ; power  ;              ; 2.5V                ; --           ;                 ; --       ; --           ;
; U20      ; 179        ; 4A       ; RESERVED_INPUT_WITH_WEAK_PULLUP ;        ;              ;                     ; Column I/O   ;                 ; no       ; On           ;
; U21      ; 177        ; 4A       ; RESERVED_INPUT_WITH_WEAK_PULLUP ;        ;              ;                     ; Column I/O   ;                 ; no       ; On           ;
; U22      ; 172        ; 4A       ; RESERVED_INPUT_WITH_WEAK_PULLUP ;        ;              ;                     ; Column I/O   ;                 ; no       ; On           ;
; V1       ;            ;          ; GND                             ; gnd    ;              ;                     ; --           ;                 ; --       ; --           ;
; V2       ;            ;          ; GND                             ; gnd    ;              ;                     ; --           ;                 ; --       ; --           ;
; V3       ; 50         ; 3A       ; ^DCLK                           ;        ;              ;                     ; Weak Pull Up ;                 ; --       ; On           ;
; V4       ; 40         ; B0L      ; GND                             ;        ;              ;                     ; Row I/O      ;                 ; --       ; --           ;
; V5       ; 46         ; 3A       ; #TCK                            ; input  ;              ;                     ; --           ;                 ; --       ; --           ;
; V6       ; 63         ; 3A       ; RESERVED_INPUT_WITH_WEAK_PULLUP ;        ;              ;                     ; Column I/O   ;                 ; no       ; On           ;
; V7       ;            ;          ; GND                             ; gnd    ;              ;                     ; --           ;                 ; --       ; --           ;
; V8       ;            ; --       ; VCCPGM                          ; power  ;              ; 1.8V/2.5V/3.0V/3.3V ; --           ;                 ; --       ; --           ;
; V9       ; 101        ; 3B       ; RESERVED_INPUT_WITH_WEAK_PULLUP ;        ;              ;                     ; Column I/O   ;                 ; no       ; On           ;
; V10      ; 103        ; 3B       ; RESERVED_INPUT_WITH_WEAK_PULLUP ;        ;              ;                     ; Column I/O   ;                 ; no       ; On           ;
; V11      ;            ;          ; DNU                             ;        ;              ;                     ; --           ;                 ; --       ; --           ;
; V12      ;            ;          ; GND                             ; gnd    ;              ;                     ; --           ;                 ; --       ; --           ;
; V13      ; 133        ; 4A       ; RESERVED_INPUT_WITH_WEAK_PULLUP ;        ;              ;                     ; Column I/O   ;                 ; no       ; On           ;
; V14      ; 144        ; 4A       ; pc_out[8]                       ; output ; 2.5 V        ;                     ; Column I/O   ; N               ; no       ; Off          ;
; V15      ; 146        ; 4A       ; pc_out[3]                       ; output ; 2.5 V        ;                     ; Column I/O   ; N               ; no       ; Off          ;
; V16      ; 160        ; 4A       ; RESERVED_INPUT_WITH_WEAK_PULLUP ;        ;              ;                     ; Column I/O   ;                 ; no       ; On           ;
; V17      ;            ;          ; GND                             ; gnd    ;              ;                     ; --           ;                 ; --       ; --           ;
; V18      ; 175        ; 4A       ; RESERVED_INPUT_WITH_WEAK_PULLUP ;        ;              ;                     ; Column I/O   ;                 ; no       ; On           ;
; V19      ; 173        ; 4A       ; pc_out[4]                       ; output ; 2.5 V        ;                     ; Column I/O   ; N               ; no       ; Off          ;
; V20      ; 157        ; 4A       ; instruction_in[6]               ; input  ; 2.5 V        ;                     ; Column I/O   ; N               ; no       ; Off          ;
; V21      ; 174        ; 4A       ; RESERVED_INPUT_WITH_WEAK_PULLUP ;        ;              ;                     ; Column I/O   ;                 ; no       ; On           ;
; V22      ;            ;          ; GND                             ; gnd    ;              ;                     ; --           ;                 ; --       ; --           ;
; W1       ; 35         ; B0L      ; GND                             ;        ;              ;                     ; --           ;                 ; --       ; --           ;
; W2       ; 34         ; B0L      ; GND                             ;        ;              ;                     ; --           ;                 ; --       ; --           ;
; W3       ;            ;          ; GND                             ; gnd    ;              ;                     ; --           ;                 ; --       ; --           ;
; W4       ;            ;          ; GND                             ; gnd    ;              ;                     ; --           ;                 ; --       ; --           ;
; W5       ; 48         ; 3A       ; #TDI                            ; input  ;              ;                     ; --           ;                 ; --       ; --           ;
; W6       ;            ; 3A       ; VCCPD3A                         ; power  ;              ; 2.5V                ; --           ;                 ; --       ; --           ;
; W7       ;            ; --       ; VCC_AUX                         ; power  ;              ; 2.5V                ; --           ;                 ; --       ; --           ;
; W8       ; 57         ; 3A       ; RESERVED_INPUT_WITH_WEAK_PULLUP ;        ;              ;                     ; Column I/O   ;                 ; no       ; On           ;
; W9       ; 59         ; 3A       ; RESERVED_INPUT_WITH_WEAK_PULLUP ;        ;              ;                     ; Column I/O   ;                 ; no       ; On           ;
; W10      ;            ; 3B       ; VCCIO3B                         ; power  ;              ; 2.5V                ; --           ;                 ; --       ; --           ;
; W11      ;            ; 3B, 4A   ; VCCPD3B4A                       ; power  ;              ; 2.5V                ; --           ;                 ; --       ; --           ;
; W12      ;            ; 3B, 4A   ; VCCPD3B4A                       ; power  ;              ; 2.5V                ; --           ;                 ; --       ; --           ;
; W13      ;            ; --       ; VCC_AUX                         ; power  ;              ; 2.5V                ; --           ;                 ; --       ; --           ;
; W14      ;            ; 3B, 4A   ; VCCPD3B4A                       ; power  ;              ; 2.5V                ; --           ;                 ; --       ; --           ;
; W15      ;            ; 4A       ; VCCIO4A                         ; power  ;              ; 2.5V                ; --           ;                 ; --       ; --           ;
; W16      ; 162        ; 4A       ; instruction_in[9]               ; input  ; 2.5 V        ;                     ; Column I/O   ; N               ; no       ; Off          ;
; W17      ;            ; 3B, 4A   ; VCCPD3B4A                       ; power  ;              ; 2.5V                ; --           ;                 ; --       ; --           ;
; W18      ;            ; --       ; VCC_AUX                         ; power  ;              ; 2.5V                ; --           ;                 ; --       ; --           ;
; W19      ; 159        ; 4A       ; instruction_in[4]               ; input  ; 2.5 V        ;                     ; Column I/O   ; N               ; no       ; Off          ;
; W20      ;            ; 4A       ; VCCIO4A                         ; power  ;              ; 2.5V                ; --           ;                 ; --       ; --           ;
; W21      ; 171        ; 4A       ; RESERVED_INPUT_WITH_WEAK_PULLUP ;        ;              ;                     ; Column I/O   ;                 ; no       ; On           ;
; W22      ; 166        ; 4A       ; instruction_in[5]               ; input  ; 2.5 V        ;                     ; Column I/O   ; N               ; no       ; Off          ;
; Y1       ;            ;          ; GND                             ; gnd    ;              ;                     ; --           ;                 ; --       ; --           ;
; Y2       ;            ;          ; GND                             ; gnd    ;              ;                     ; --           ;                 ; --       ; --           ;
; Y3       ; 36         ; B0L      ; GXB_NC                          ;        ;              ;                     ; --           ;                 ; --       ; --           ;
; Y4       ; 37         ; B0L      ; GXB_NC                          ;        ;              ;                     ; --           ;                 ; --       ; --           ;
; Y5       ;            ;          ; GND                             ; gnd    ;              ;                     ; --           ;                 ; --       ; --           ;
; Y6       ;            ;          ; DNU                             ;        ;              ;                     ; --           ;                 ; --       ; --           ;
; Y7       ;            ; 3A       ; VREFB3AN0                       ; power  ;              ;                     ; --           ;                 ; --       ; --           ;
; Y8       ;            ; 3A       ; VCCIO3A                         ; power  ;              ; 2.5V                ; --           ;                 ; --       ; --           ;
; Y9       ; 118        ; 3B       ; pc_out[13]                      ; output ; 2.5 V        ;                     ; Column I/O   ; N               ; no       ; Off          ;
; Y10      ; 116        ; 3B       ; RESERVED_INPUT_WITH_WEAK_PULLUP ;        ;              ;                     ; Column I/O   ;                 ; no       ; On           ;
; Y11      ; 129        ; 3B       ; RESERVED_INPUT_WITH_WEAK_PULLUP ;        ;              ;                     ; Column I/O   ;                 ; no       ; On           ;
; Y12      ;            ; 3B       ; VREFB3BN0                       ; power  ;              ;                     ; --           ;                 ; --       ; --           ;
; Y13      ;            ; 3B       ; VCCIO3B                         ; power  ;              ; 2.5V                ; --           ;                 ; --       ; --           ;
; Y14      ; 141        ; 4A       ; pc_out[9]                       ; output ; 2.5 V        ;                     ; Column I/O   ; N               ; no       ; Off          ;
; Y15      ; 143        ; 4A       ; pc_out[10]                      ; output ; 2.5 V        ;                     ; Column I/O   ; N               ; no       ; Off          ;
; Y16      ; 149        ; 4A       ; instruction_in[3]               ; input  ; 2.5 V        ;                     ; Column I/O   ; N               ; no       ; Off          ;
; Y17      ; 151        ; 4A       ; RESERVED_INPUT_WITH_WEAK_PULLUP ;        ;              ;                     ; Column I/O   ;                 ; no       ; On           ;
; Y18      ;            ;          ; GND                             ; gnd    ;              ;                     ; --           ;                 ; --       ; --           ;
; Y19      ; 167        ; 4A       ; RESERVED_INPUT_WITH_WEAK_PULLUP ;        ;              ;                     ; Column I/O   ;                 ; no       ; On           ;
; Y20      ; 165        ; 4A       ; RESERVED_INPUT_WITH_WEAK_PULLUP ;        ;              ;                     ; Column I/O   ;                 ; no       ; On           ;
; Y21      ; 169        ; 4A       ; RESERVED_INPUT_WITH_WEAK_PULLUP ;        ;              ;                     ; Column I/O   ;                 ; no       ; On           ;
; Y22      ; 164        ; 4A       ; instruction_in[13]              ; input  ; 2.5 V        ;                     ; Column I/O   ; N               ; no       ; Off          ;
+----------+------------+----------+---------------------------------+--------+--------------+---------------------+--------------+-----------------+----------+--------------+
Note: Pin directions (input, output or bidir) are based on device operating in user mode.


+----------------------------------------------------+
; I/O Assignment Warnings                            ;
+--------------------+-------------------------------+
; Pin Name           ; Reason                        ;
+--------------------+-------------------------------+
; pc_out[0]          ; Incomplete set of assignments ;
; pc_out[1]          ; Incomplete set of assignments ;
; pc_out[2]          ; Incomplete set of assignments ;
; pc_out[3]          ; Incomplete set of assignments ;
; pc_out[4]          ; Incomplete set of assignments ;
; pc_out[5]          ; Incomplete set of assignments ;
; pc_out[6]          ; Incomplete set of assignments ;
; pc_out[7]          ; Incomplete set of assignments ;
; pc_out[8]          ; Incomplete set of assignments ;
; pc_out[9]          ; Incomplete set of assignments ;
; pc_out[10]         ; Incomplete set of assignments ;
; pc_out[11]         ; Incomplete set of assignments ;
; pc_out[12]         ; Incomplete set of assignments ;
; pc_out[13]         ; Incomplete set of assignments ;
; pc_out[14]         ; Incomplete set of assignments ;
; pc_out[15]         ; Incomplete set of assignments ;
; instruction_in[15] ; Incomplete set of assignments ;
; instruction_in[14] ; Incomplete set of assignments ;
; instruction_in[12] ; Incomplete set of assignments ;
; instruction_in[13] ; Incomplete set of assignments ;
; instruction_in[0]  ; Incomplete set of assignments ;
; instruction_in[11] ; Incomplete set of assignments ;
; instruction_in[1]  ; Incomplete set of assignments ;
; instruction_in[2]  ; Incomplete set of assignments ;
; instruction_in[3]  ; Incomplete set of assignments ;
; instruction_in[4]  ; Incomplete set of assignments ;
; clk                ; Incomplete set of assignments ;
; reset              ; Incomplete set of assignments ;
; instruction_in[7]  ; Incomplete set of assignments ;
; instruction_in[6]  ; Incomplete set of assignments ;
; instruction_in[8]  ; Incomplete set of assignments ;
; instruction_in[9]  ; Incomplete set of assignments ;
; instruction_in[10] ; Incomplete set of assignments ;
; instruction_in[5]  ; Incomplete set of assignments ;
; pc_out[0]          ; Missing location assignment   ;
; pc_out[1]          ; Missing location assignment   ;
; pc_out[2]          ; Missing location assignment   ;
; pc_out[3]          ; Missing location assignment   ;
; pc_out[4]          ; Missing location assignment   ;
; pc_out[5]          ; Missing location assignment   ;
; pc_out[6]          ; Missing location assignment   ;
; pc_out[7]          ; Missing location assignment   ;
; pc_out[8]          ; Missing location assignment   ;
; pc_out[9]          ; Missing location assignment   ;
; pc_out[10]         ; Missing location assignment   ;
; pc_out[11]         ; Missing location assignment   ;
; pc_out[12]         ; Missing location assignment   ;
; pc_out[13]         ; Missing location assignment   ;
; pc_out[14]         ; Missing location assignment   ;
; pc_out[15]         ; Missing location assignment   ;
; instruction_in[15] ; Missing location assignment   ;
; instruction_in[14] ; Missing location assignment   ;
; instruction_in[12] ; Missing location assignment   ;
; instruction_in[13] ; Missing location assignment   ;
; instruction_in[0]  ; Missing location assignment   ;
; instruction_in[11] ; Missing location assignment   ;
; instruction_in[1]  ; Missing location assignment   ;
; instruction_in[2]  ; Missing location assignment   ;
; instruction_in[3]  ; Missing location assignment   ;
; instruction_in[4]  ; Missing location assignment   ;
; clk                ; Missing location assignment   ;
; reset              ; Missing location assignment   ;
; instruction_in[7]  ; Missing location assignment   ;
; instruction_in[6]  ; Missing location assignment   ;
; instruction_in[8]  ; Missing location assignment   ;
; instruction_in[9]  ; Missing location assignment   ;
; instruction_in[10] ; Missing location assignment   ;
; instruction_in[5]  ; Missing location assignment   ;
+--------------------+-------------------------------+


+-----------------------------------------------------------------------------------------------------------------------------------------------------------------------------------------------------------------------------------------------------------------------------------------------------------------------------------------------------------------------------------------------+
; Fitter Resource Utilization by Entity                                                                                                                                                                                                                                                                                                                                                         ;
+----------------------------+----------------------+----------------------------------+---------------------------------------------------+----------------------------------+----------------------+---------------------+---------------------------+---------------+-------------------+-------+------------+------+--------------+----------------------------+-------------+--------------+
; Compilation Hierarchy Node ; ALMs needed [=A-B+C] ; [A] ALMs used in final placement ; [B] Estimate of ALMs recoverable by dense packing ; [C] Estimate of ALMs unavailable ; ALMs used for memory ; Combinational ALUTs ; Dedicated Logic Registers ; I/O Registers ; Block Memory Bits ; M10Ks ; DSP Blocks ; Pins ; Virtual Pins ; Full Hierarchy Name        ; Entity Name ; Library Name ;
+----------------------------+----------------------+----------------------------------+---------------------------------------------------+----------------------------------+----------------------+---------------------+---------------------------+---------------+-------------------+-------+------------+------+--------------+----------------------------+-------------+--------------+
; |cpu_top                   ; 2366.0 (11.9)        ; 2989.5 (13.0)                    ; 669.5 (1.3)                                       ; 46.0 (0.3)                       ; 0.0 (0.0)            ; 2001 (29)           ; 4256 (0)                  ; 0 (0)         ; 0                 ; 0     ; 0          ; 34   ; 0            ; |cpu_top                   ; cpu_top     ; work         ;
;    |alu:u_alu|             ; 114.4 (114.4)        ; 111.3 (111.3)                    ; 0.0 (0.0)                                         ; 3.0 (3.0)                        ; 0.0 (0.0)            ; 178 (178)           ; 0 (0)                     ; 0 (0)         ; 0                 ; 0     ; 0          ; 0    ; 0            ; |cpu_top|alu:u_alu         ; alu         ; work         ;
;    |control:u_control|     ; 3.7 (3.7)            ; 3.8 (3.8)                        ; 0.2 (0.2)                                         ; 0.0 (0.0)                        ; 0.0 (0.0)            ; 7 (7)               ; 0 (0)                     ; 0 (0)         ; 0                 ; 0     ; 0          ; 0    ; 0            ; |cpu_top|control:u_control ; control     ; work         ;
;    |dmem:u_dmem|           ; 2121.8 (2121.8)      ; 2737.1 (2737.1)                  ; 655.6 (655.6)                                     ; 40.3 (40.3)                      ; 0.0 (0.0)            ; 1682 (1682)         ; 4096 (4096)               ; 0 (0)         ; 0                 ; 0     ; 0          ; 0    ; 0            ; |cpu_top|dmem:u_dmem       ; dmem        ; work         ;
;    |fetch:u_fetch|         ; 25.1 (25.1)          ; 24.3 (24.3)                      ; 0.0 (0.0)                                         ; 0.8 (0.8)                        ; 0.0 (0.0)            ; 33 (33)             ; 32 (32)                   ; 0 (0)         ; 0                 ; 0     ; 0          ; 0    ; 0            ; |cpu_top|fetch:u_fetch     ; fetch       ; work         ;
;    |regfile:u_regfile|     ; 84.5 (84.5)          ; 99.9 (99.9)                      ; 17.1 (17.1)                                       ; 1.6 (1.6)                        ; 0.0 (0.0)            ; 72 (72)             ; 128 (128)                 ; 0 (0)         ; 0                 ; 0     ; 0          ; 0    ; 0            ; |cpu_top|regfile:u_regfile ; regfile     ; work         ;
+----------------------------+----------------------+----------------------------------+---------------------------------------------------+----------------------------------+----------------------+---------------------+---------------------------+---------------+-------------------+-------+------------+------+--------------+----------------------------+-------------+--------------+
Note: For table entries with two numbers listed, the numbers in parentheses indicate the number of resources of the given type used by the specific entity alone. The numbers listed outside of parentheses indicate the total resources of the given type used by the specific entity and all of its sub-entities in the hierarchy.


+-----------------------------------------------------------------------------------------------------------------------------------+
; Delay Chain Summary                                                                                                               ;
+--------------------+----------+----+------+------+----+------+-------+--------+------------------------+--------------------------+
; Name               ; Pin Type ; D1 ; D3_0 ; D3_1 ; D4 ; D5   ; D5 OE ; D5 OCT ; T11 (Postamble Gating) ; T11 (Postamble Ungating) ;
+--------------------+----------+----+------+------+----+------+-------+--------+------------------------+--------------------------+
; pc_out[0]          ; Output   ; -- ; --   ; --   ; -- ; (0)  ; (31)  ; --     ; --                     ; --                       ;
; pc_out[1]          ; Output   ; -- ; --   ; --   ; -- ; (0)  ; (31)  ; --     ; --                     ; --                       ;
; pc_out[2]          ; Output   ; -- ; --   ; --   ; -- ; (0)  ; (31)  ; --     ; --                     ; --                       ;
; pc_out[3]          ; Output   ; -- ; --   ; --   ; -- ; (0)  ; (31)  ; --     ; --                     ; --                       ;
; pc_out[4]          ; Output   ; -- ; --   ; --   ; -- ; (0)  ; (31)  ; --     ; --                     ; --                       ;
; pc_out[5]          ; Output   ; -- ; --   ; --   ; -- ; (0)  ; (31)  ; --     ; --                     ; --                       ;
; pc_out[6]          ; Output   ; -- ; --   ; --   ; -- ; (0)  ; (31)  ; --     ; --                     ; --                       ;
; pc_out[7]          ; Output   ; -- ; --   ; --   ; -- ; (0)  ; (31)  ; --     ; --                     ; --                       ;
; pc_out[8]          ; Output   ; -- ; --   ; --   ; -- ; (0)  ; (31)  ; --     ; --                     ; --                       ;
; pc_out[9]          ; Output   ; -- ; --   ; --   ; -- ; (0)  ; (31)  ; --     ; --                     ; --                       ;
; pc_out[10]         ; Output   ; -- ; --   ; --   ; -- ; (0)  ; (31)  ; --     ; --                     ; --                       ;
; pc_out[11]         ; Output   ; -- ; --   ; --   ; -- ; (0)  ; (31)  ; --     ; --                     ; --                       ;
; pc_out[12]         ; Output   ; -- ; --   ; --   ; -- ; (0)  ; (31)  ; --     ; --                     ; --                       ;
; pc_out[13]         ; Output   ; -- ; --   ; --   ; -- ; (0)  ; (31)  ; --     ; --                     ; --                       ;
; pc_out[14]         ; Output   ; -- ; --   ; --   ; -- ; (0)  ; (31)  ; --     ; --                     ; --                       ;
; pc_out[15]         ; Output   ; -- ; --   ; --   ; -- ; (0)  ; (31)  ; --     ; --                     ; --                       ;
; instruction_in[15] ; Input    ; -- ; (0)  ; --   ; -- ; --   ; --    ; --     ; --                     ; --                       ;
; instruction_in[14] ; Input    ; -- ; (0)  ; --   ; -- ; --   ; --    ; --     ; --                     ; --                       ;
; instruction_in[12] ; Input    ; -- ; (0)  ; --   ; -- ; --   ; --    ; --     ; --                     ; --                       ;
; instruction_in[13] ; Input    ; -- ; (0)  ; (0)  ; -- ; --   ; --    ; --     ; --                     ; --                       ;
; instruction_in[0]  ; Input    ; -- ; (0)  ; --   ; -- ; --   ; --    ; --     ; --                     ; --                       ;
; instruction_in[11] ; Input    ; -- ; (0)  ; --   ; -- ; --   ; --    ; --     ; --                     ; --                       ;
; instruction_in[1]  ; Input    ; -- ; (0)  ; --   ; -- ; --   ; --    ; --     ; --                     ; --                       ;
; instruction_in[2]  ; Input    ; -- ; (0)  ; --   ; -- ; --   ; --    ; --     ; --                     ; --                       ;
; instruction_in[3]  ; Input    ; -- ; --   ; (0)  ; -- ; --   ; --    ; --     ; --                     ; --                       ;
; instruction_in[4]  ; Input    ; -- ; --   ; (0)  ; -- ; --   ; --    ; --     ; --                     ; --                       ;
; clk                ; Input    ; -- ; (0)  ; --   ; -- ; --   ; --    ; --     ; --                     ; --                       ;
; reset              ; Input    ; -- ; --   ; (0)  ; -- ; --   ; --    ; --     ; --                     ; --                       ;
; instruction_in[7]  ; Input    ; -- ; --   ; (0)  ; -- ; --   ; --    ; --     ; --                     ; --                       ;
; instruction_in[6]  ; Input    ; -- ; --   ; (0)  ; -- ; --   ; --    ; --     ; --                     ; --                       ;
; instruction_in[8]  ; Input    ; -- ; --   ; (0)  ; -- ; --   ; --    ; --     ; --                     ; --                       ;
; instruction_in[9]  ; Input    ; -- ; (0)  ; --   ; -- ; --   ; --    ; --     ; --                     ; --                       ;
; instruction_in[10] ; Input    ; -- ; (0)  ; --   ; -- ; --   ; --    ; --     ; --                     ; --                       ;
; instruction_in[5]  ; Input    ; -- ; (0)  ; (0)  ; -- ; --   ; --    ; --     ; --                     ; --                       ;
+--------------------+----------+----+------+------+----+------+-------+--------+------------------------+--------------------------+


+--------------------------------------------------------------------+
; Pad To Core Delay Chain Fanout                                     ;
+--------------------------------------+-------------------+---------+
; Source Pin / Fanout                  ; Pad To Core Index ; Setting ;
+--------------------------------------+-------------------+---------+
; instruction_in[15]                   ;                   ;         ;
;      - control:u_control|Decoder0~0  ; 0                 ; 0       ;
;      - alu_b[9]~4                    ; 0                 ; 0       ;
;      - control:u_control|Mux0~0      ; 0                 ; 0       ;
;      - fetch:u_fetch|always0~0       ; 0                 ; 0       ;
;      - control:u_control|Decoder0~1  ; 0                 ; 0       ;
;      - control:u_control|Decoder0~2  ; 0                 ; 0       ;
;      - control:u_control|WideOr4~0   ; 0                 ; 0       ;
;      - control:u_control|Decoder0~3  ; 0                 ; 0       ;
;      - alu:u_alu|Add0~84             ; 0                 ; 0       ;
;      - alu:u_alu|Add0~85             ; 0                 ; 0       ;
;      - alu:u_alu|Add0~86             ; 0                 ; 0       ;
;      - alu:u_alu|Equal2~0            ; 0                 ; 0       ;
;      - alu:u_alu|Selector10~6        ; 0                 ; 0       ;
;      - alu:u_alu|Equal3~0            ; 0                 ; 0       ;
;      - alu:u_alu|Equal4~0            ; 0                 ; 0       ;
;      - alu:u_alu|Equal5~0            ; 0                 ; 0       ;
;      - alu:u_alu|Equal7~0            ; 0                 ; 0       ;
;      - alu:u_alu|Selector6~7         ; 0                 ; 0       ;
;      - alu:u_alu|Equal8~0            ; 0                 ; 0       ;
; instruction_in[14]                   ;                   ;         ;
;      - control:u_control|Decoder0~0  ; 0                 ; 0       ;
;      - alu_b[9]~4                    ; 0                 ; 0       ;
;      - control:u_control|Mux0~0      ; 0                 ; 0       ;
;      - fetch:u_fetch|always0~0       ; 0                 ; 0       ;
;      - control:u_control|Decoder0~1  ; 0                 ; 0       ;
;      - control:u_control|Decoder0~2  ; 0                 ; 0       ;
;      - control:u_control|WideOr4~0   ; 0                 ; 0       ;
;      - control:u_control|Decoder0~3  ; 0                 ; 0       ;
;      - alu:u_alu|Add0~84             ; 0                 ; 0       ;
;      - alu:u_alu|Add0~85             ; 0                 ; 0       ;
;      - alu:u_alu|Add0~86             ; 0                 ; 0       ;
;      - alu:u_alu|Equal2~0            ; 0                 ; 0       ;
;      - alu:u_alu|Selector10~6        ; 0                 ; 0       ;
;      - alu:u_alu|Equal3~0            ; 0                 ; 0       ;
;      - alu:u_alu|Equal4~0            ; 0                 ; 0       ;
;      - alu:u_alu|Equal5~0            ; 0                 ; 0       ;
;      - alu:u_alu|Equal7~0            ; 0                 ; 0       ;
;      - alu:u_alu|Selector6~7         ; 0                 ; 0       ;
;      - alu:u_alu|Equal8~0            ; 0                 ; 0       ;
; instruction_in[12]                   ;                   ;         ;
;      - control:u_control|Decoder0~0  ; 0                 ; 0       ;
;      - alu_b[9]~4                    ; 0                 ; 0       ;
;      - control:u_control|Mux0~1      ; 0                 ; 0       ;
;      - fetch:u_fetch|always0~0       ; 0                 ; 0       ;
;      - control:u_control|Decoder0~1  ; 0                 ; 0       ;
;      - control:u_control|Decoder0~2  ; 0                 ; 0       ;
;      - control:u_control|WideOr4~0   ; 0                 ; 0       ;
;      - control:u_control|Decoder0~3  ; 0                 ; 0       ;
;      - alu:u_alu|Add0~84             ; 0                 ; 0       ;
;      - alu:u_alu|Add0~85             ; 0                 ; 0       ;
;      - alu:u_alu|Add0~86             ; 0                 ; 0       ;
;      - alu:u_alu|Equal2~0            ; 0                 ; 0       ;
;      - alu:u_alu|Selector10~6        ; 0                 ; 0       ;
;      - alu:u_alu|Equal3~0            ; 0                 ; 0       ;
;      - alu:u_alu|Equal4~0            ; 0                 ; 0       ;
;      - alu:u_alu|Equal5~0            ; 0                 ; 0       ;
;      - alu:u_alu|Equal7~0            ; 0                 ; 0       ;
;      - alu:u_alu|Selector6~7         ; 0                 ; 0       ;
;      - alu:u_alu|Equal8~0            ; 0                 ; 0       ;
; instruction_in[13]                   ;                   ;         ;
;      - control:u_control|Decoder0~0  ; 1                 ; 0       ;
;      - alu_b[9]~4                    ; 1                 ; 0       ;
;      - control:u_control|Mux0~0      ; 1                 ; 0       ;
;      - fetch:u_fetch|always0~0       ; 1                 ; 0       ;
;      - control:u_control|Decoder0~1  ; 1                 ; 0       ;
;      - control:u_control|Decoder0~2  ; 1                 ; 0       ;
;      - control:u_control|WideOr4~0   ; 0                 ; 0       ;
;      - control:u_control|Decoder0~3  ; 1                 ; 0       ;
;      - alu:u_alu|Add0~84             ; 1                 ; 0       ;
;      - alu:u_alu|Add0~85             ; 1                 ; 0       ;
;      - alu:u_alu|Add0~86             ; 1                 ; 0       ;
;      - alu:u_alu|Equal2~0            ; 1                 ; 0       ;
;      - alu:u_alu|Selector10~6        ; 1                 ; 0       ;
;      - alu:u_alu|Equal3~0            ; 1                 ; 0       ;
;      - alu:u_alu|Equal4~0            ; 0                 ; 0       ;
;      - alu:u_alu|Equal5~0            ; 1                 ; 0       ;
;      - alu:u_alu|Equal7~0            ; 1                 ; 0       ;
;      - alu:u_alu|Selector6~7         ; 1                 ; 0       ;
;      - alu:u_alu|Equal8~0            ; 1                 ; 0       ;
; instruction_in[0]                    ;                   ;         ;
;      - alu_b[0]~0                    ; 0                 ; 0       ;
;      - alu:u_alu|ShiftRight0~3       ; 0                 ; 0       ;
;      - alu:u_alu|ShiftLeft0~2        ; 0                 ; 0       ;
;      - alu:u_alu|ShiftRight0~4       ; 0                 ; 0       ;
;      - alu:u_alu|ShiftRight0~7       ; 0                 ; 0       ;
;      - alu:u_alu|ShiftLeft0~5        ; 0                 ; 0       ;
;      - alu:u_alu|ShiftLeft0~8        ; 0                 ; 0       ;
;      - alu:u_alu|ShiftRight0~11      ; 0                 ; 0       ;
;      - alu:u_alu|Add0~64             ; 0                 ; 0       ;
; instruction_in[11]                   ;                   ;         ;
;      - alu_b[0]~0                    ; 0                 ; 0       ;
;      - alu_b[1]~1                    ; 0                 ; 0       ;
;      - alu_b[2]~2                    ; 0                 ; 0       ;
;      - alu_b[3]~3                    ; 0                 ; 0       ;
;      - alu:u_alu|Selector14~0        ; 0                 ; 0       ;
;      - alu:u_alu|ShiftRight0~3       ; 0                 ; 0       ;
;      - alu:u_alu|ShiftLeft0~2        ; 0                 ; 0       ;
;      - alu:u_alu|ShiftLeft0~3        ; 0                 ; 0       ;
;      - alu_b[9]~4                    ; 0                 ; 0       ;
;      - alu_b[14]~5                   ; 0                 ; 0       ;
;      - alu:u_alu|ShiftRight0~4       ; 0                 ; 0       ;
;      - alu:u_alu|Selector0~0         ; 0                 ; 0       ;
;      - alu:u_alu|Selector1~3         ; 0                 ; 0       ;
;      - alu:u_alu|ShiftRight0~7       ; 0                 ; 0       ;
;      - alu:u_alu|ShiftRight0~8       ; 0                 ; 0       ;
;      - alu:u_alu|ShiftLeft0~5        ; 0                 ; 0       ;
;      - alu:u_alu|Selector14~4        ; 0                 ; 0       ;
;      - alu:u_alu|ShiftLeft0~8        ; 0                 ; 0       ;
;      - alu_b[12]~6                   ; 0                 ; 0       ;
;      - alu_b[13]~7                   ; 0                 ; 0       ;
;      - alu:u_alu|Selector2~3         ; 0                 ; 0       ;
;      - alu:u_alu|ShiftRight0~11      ; 0                 ; 0       ;
;      - alu:u_alu|Selector6~0         ; 0                 ; 0       ;
;      - alu_b[11]~8                   ; 0                 ; 0       ;
;      - alu:u_alu|Selector7~2         ; 0                 ; 0       ;
;      - alu:u_alu|Selector7~3         ; 0                 ; 0       ;
;      - alu:u_alu|Selector5~2         ; 0                 ; 0       ;
;      - alu:u_alu|Selector5~3         ; 0                 ; 0       ;
;      - alu_b[15]~9                   ; 0                 ; 0       ;
;      - alu:u_alu|Selector0~4         ; 0                 ; 0       ;
;      - alu:u_alu|Selector6~3         ; 0                 ; 0       ;
;      - alu:u_alu|Selector6~4         ; 0                 ; 0       ;
;      - alu:u_alu|Selector13~2        ; 0                 ; 0       ;
;      - alu:u_alu|Selector10~2        ; 0                 ; 0       ;
;      - alu_b[5]~10                   ; 0                 ; 0       ;
;      - alu_b[4]~11                   ; 0                 ; 0       ;
;      - alu:u_alu|Selector8~2         ; 0                 ; 0       ;
;      - alu:u_alu|Selector8~3         ; 0                 ; 0       ;
;      - alu:u_alu|Selector8~4         ; 0                 ; 0       ;
;      - alu:u_alu|Selector9~2         ; 0                 ; 0       ;
;      - alu:u_alu|Selector9~3         ; 0                 ; 0       ;
;      - alu:u_alu|Add0~64             ; 0                 ; 0       ;
;      - alu:u_alu|Add0~70             ; 0                 ; 0       ;
;      - alu:u_alu|Add0~73             ; 0                 ; 0       ;
;      - alu:u_alu|Add0~75             ; 0                 ; 0       ;
;      - alu:u_alu|Add0~76             ; 0                 ; 0       ;
;      - alu:u_alu|Add0~77             ; 0                 ; 0       ;
;      - alu:u_alu|Add0~78             ; 0                 ; 0       ;
;      - alu:u_alu|Add0~79             ; 0                 ; 0       ;
;      - alu:u_alu|Add0~80             ; 0                 ; 0       ;
;      - alu:u_alu|Add0~81             ; 0                 ; 0       ;
;      - alu:u_alu|Add0~82             ; 0                 ; 0       ;
;      - alu:u_alu|Add0~83             ; 0                 ; 0       ;
; instruction_in[1]                    ;                   ;         ;
;      - alu_b[1]~1                    ; 0                 ; 0       ;
;      - alu:u_alu|ShiftRight0~3       ; 0                 ; 0       ;
;      - alu:u_alu|ShiftLeft0~2        ; 0                 ; 0       ;
;      - alu:u_alu|ShiftLeft0~3        ; 0                 ; 0       ;
;      - alu:u_alu|ShiftRight0~7       ; 0                 ; 0       ;
;      - alu:u_alu|ShiftRight0~8       ; 0                 ; 0       ;
;      - alu:u_alu|Selector14~4        ; 0                 ; 0       ;
;      - alu:u_alu|ShiftLeft0~8        ; 0                 ; 0       ;
;      - alu:u_alu|ShiftRight0~11      ; 0                 ; 0       ;
;      - alu:u_alu|Add0~70             ; 0                 ; 0       ;
; instruction_in[2]                    ;                   ;         ;
;      - regfile:u_regfile|regfile~276 ; 0                 ; 0       ;
;      - regfile:u_regfile|regfile~272 ; 0                 ; 0       ;
;      - regfile:u_regfile|regfile~328 ; 0                 ; 0       ;
;      - regfile:u_regfile|regfile~332 ; 0                 ; 0       ;
;      - regfile:u_regfile|regfile~364 ; 0                 ; 0       ;
;      - regfile:u_regfile|regfile~372 ; 0                 ; 0       ;
;      - regfile:u_regfile|regfile~368 ; 0                 ; 0       ;
;      - regfile:u_regfile|regfile~380 ; 0                 ; 0       ;
;      - regfile:u_regfile|regfile~376 ; 0                 ; 0       ;
;      - regfile:u_regfile|regfile~352 ; 0                 ; 0       ;
;      - regfile:u_regfile|regfile~356 ; 0                 ; 0       ;
;      - regfile:u_regfile|regfile~348 ; 0                 ; 0       ;
;      - regfile:u_regfile|regfile~340 ; 0                 ; 0       ;
;      - regfile:u_regfile|regfile~344 ; 0                 ; 0       ;
;      - regfile:u_regfile|regfile~336 ; 0                 ; 0       ;
;      - regfile:u_regfile|regfile~360 ; 0                 ; 0       ;
;      - alu_b[2]~2                    ; 0                 ; 0       ;
;      - alu:u_alu|Selector14~0        ; 0                 ; 0       ;
;      - alu:u_alu|Selector0~0         ; 0                 ; 0       ;
;      - alu:u_alu|Selector6~0         ; 0                 ; 0       ;
;      - alu:u_alu|Selector13~2        ; 0                 ; 0       ;
;      - alu:u_alu|Selector8~2         ; 0                 ; 0       ;
;      - alu:u_alu|Add0~79             ; 0                 ; 0       ;
; instruction_in[3]                    ;                   ;         ;
;      - regfile:u_regfile|regfile~148 ; 1                 ; 0       ;
;      - regfile:u_regfile|regfile~276 ; 1                 ; 0       ;
;      - regfile:u_regfile|regfile~144 ; 1                 ; 0       ;
;      - regfile:u_regfile|regfile~272 ; 1                 ; 0       ;
;      - regfile:u_regfile|regfile~200 ; 1                 ; 0       ;
;      - regfile:u_regfile|regfile~328 ; 1                 ; 0       ;
;      - regfile:u_regfile|regfile~204 ; 1                 ; 0       ;
;      - regfile:u_regfile|regfile~332 ; 1                 ; 0       ;
;      - regfile:u_regfile|regfile~236 ; 1                 ; 0       ;
;      - regfile:u_regfile|regfile~364 ; 1                 ; 0       ;
;      - regfile:u_regfile|regfile~244 ; 1                 ; 0       ;
;      - regfile:u_regfile|regfile~372 ; 1                 ; 0       ;
;      - regfile:u_regfile|regfile~240 ; 1                 ; 0       ;
;      - regfile:u_regfile|regfile~368 ; 1                 ; 0       ;
;      - regfile:u_regfile|regfile~252 ; 1                 ; 0       ;
;      - regfile:u_regfile|regfile~380 ; 1                 ; 0       ;
;      - regfile:u_regfile|regfile~248 ; 1                 ; 0       ;
;      - regfile:u_regfile|regfile~376 ; 1                 ; 0       ;
;      - regfile:u_regfile|regfile~224 ; 1                 ; 0       ;
;      - regfile:u_regfile|regfile~352 ; 1                 ; 0       ;
;      - regfile:u_regfile|regfile~228 ; 1                 ; 0       ;
;      - regfile:u_regfile|regfile~356 ; 1                 ; 0       ;
;      - regfile:u_regfile|regfile~220 ; 1                 ; 0       ;
;      - regfile:u_regfile|regfile~348 ; 1                 ; 0       ;
;      - regfile:u_regfile|regfile~212 ; 1                 ; 0       ;
;      - regfile:u_regfile|regfile~340 ; 1                 ; 0       ;
;      - regfile:u_regfile|regfile~216 ; 1                 ; 0       ;
;      - regfile:u_regfile|regfile~344 ; 1                 ; 0       ;
;      - regfile:u_regfile|regfile~208 ; 1                 ; 0       ;
;      - regfile:u_regfile|regfile~336 ; 1                 ; 0       ;
;      - regfile:u_regfile|regfile~232 ; 1                 ; 0       ;
;      - regfile:u_regfile|regfile~360 ; 1                 ; 0       ;
;      - alu_b[3]~3                    ; 1                 ; 0       ;
;      - alu:u_alu|Selector14~0        ; 1                 ; 0       ;
;      - alu:u_alu|Selector0~0         ; 1                 ; 0       ;
;      - alu:u_alu|Selector6~0         ; 1                 ; 0       ;
;      - alu:u_alu|Selector10~2        ; 1                 ; 0       ;
;      - alu:u_alu|Selector8~2         ; 1                 ; 0       ;
;      - alu:u_alu|Add0~78             ; 1                 ; 0       ;
; instruction_in[4]                    ;                   ;         ;
;      - regfile:u_regfile|regfile~148 ; 1                 ; 0       ;
;      - regfile:u_regfile|regfile~276 ; 1                 ; 0       ;
;      - regfile:u_regfile|regfile~144 ; 1                 ; 0       ;
;      - regfile:u_regfile|regfile~272 ; 1                 ; 0       ;
;      - regfile:u_regfile|regfile~200 ; 1                 ; 0       ;
;      - regfile:u_regfile|regfile~328 ; 1                 ; 0       ;
;      - regfile:u_regfile|regfile~204 ; 1                 ; 0       ;
;      - regfile:u_regfile|regfile~332 ; 1                 ; 0       ;
;      - regfile:u_regfile|regfile~236 ; 1                 ; 0       ;
;      - regfile:u_regfile|regfile~364 ; 1                 ; 0       ;
;      - regfile:u_regfile|regfile~244 ; 1                 ; 0       ;
;      - regfile:u_regfile|regfile~372 ; 1                 ; 0       ;
;      - regfile:u_regfile|regfile~240 ; 1                 ; 0       ;
;      - regfile:u_regfile|regfile~368 ; 1                 ; 0       ;
;      - regfile:u_regfile|regfile~252 ; 1                 ; 0       ;
;      - regfile:u_regfile|regfile~380 ; 1                 ; 0       ;
;      - regfile:u_regfile|regfile~248 ; 1                 ; 0       ;
;      - regfile:u_regfile|regfile~376 ; 1                 ; 0       ;
;      - regfile:u_regfile|regfile~224 ; 1                 ; 0       ;
;      - regfile:u_regfile|regfile~352 ; 1                 ; 0       ;
;      - regfile:u_regfile|regfile~228 ; 1                 ; 0       ;
;      - regfile:u_regfile|regfile~356 ; 1                 ; 0       ;
;      - regfile:u_regfile|regfile~220 ; 1                 ; 0       ;
;      - regfile:u_regfile|regfile~348 ; 1                 ; 0       ;
;      - regfile:u_regfile|regfile~212 ; 1                 ; 0       ;
;      - regfile:u_regfile|regfile~340 ; 1                 ; 0       ;
;      - regfile:u_regfile|regfile~216 ; 1                 ; 0       ;
;      - regfile:u_regfile|regfile~344 ; 1                 ; 0       ;
;      - regfile:u_regfile|regfile~208 ; 1                 ; 0       ;
;      - regfile:u_regfile|regfile~336 ; 1                 ; 0       ;
;      - regfile:u_regfile|regfile~232 ; 1                 ; 0       ;
;      - regfile:u_regfile|regfile~360 ; 1                 ; 0       ;
;      - alu_b[9]~4                    ; 1                 ; 0       ;
;      - alu_b[4]~11                   ; 1                 ; 0       ;
;      - alu:u_alu|Add0~81             ; 1                 ; 0       ;
; clk                                  ;                   ;         ;
; reset                                ;                   ;         ;
;      - fetch:u_fetch|return_addr[0]  ; 1                 ; 0       ;
;      - fetch:u_fetch|pc[0]           ; 1                 ; 0       ;
;      - fetch:u_fetch|pc[1]           ; 1                 ; 0       ;
;      - fetch:u_fetch|pc[2]           ; 1                 ; 0       ;
;      - fetch:u_fetch|pc[3]           ; 1                 ; 0       ;
;      - fetch:u_fetch|pc[4]           ; 1                 ; 0       ;
;      - fetch:u_fetch|pc[5]           ; 1                 ; 0       ;
;      - fetch:u_fetch|pc[6]           ; 1                 ; 0       ;
;      - fetch:u_fetch|pc[7]           ; 1                 ; 0       ;
;      - fetch:u_fetch|pc[8]           ; 1                 ; 0       ;
;      - fetch:u_fetch|pc[9]           ; 1                 ; 0       ;
;      - fetch:u_fetch|pc[10]          ; 1                 ; 0       ;
;      - fetch:u_fetch|pc[11]          ; 1                 ; 0       ;
;      - fetch:u_fetch|pc[12]          ; 1                 ; 0       ;
;      - fetch:u_fetch|pc[13]          ; 1                 ; 0       ;
;      - fetch:u_fetch|pc[14]          ; 1                 ; 0       ;
;      - fetch:u_fetch|pc[15]          ; 1                 ; 0       ;
;      - fetch:u_fetch|return_addr[1]  ; 1                 ; 0       ;
;      - fetch:u_fetch|return_addr[2]  ; 1                 ; 0       ;
;      - fetch:u_fetch|return_addr[3]  ; 1                 ; 0       ;
;      - fetch:u_fetch|return_addr[4]  ; 1                 ; 0       ;
;      - fetch:u_fetch|return_addr[5]  ; 1                 ; 0       ;
;      - fetch:u_fetch|return_addr[6]  ; 1                 ; 0       ;
;      - fetch:u_fetch|return_addr[7]  ; 1                 ; 0       ;
;      - fetch:u_fetch|return_addr[8]  ; 1                 ; 0       ;
;      - fetch:u_fetch|return_addr[9]  ; 1                 ; 0       ;
;      - fetch:u_fetch|return_addr[10] ; 1                 ; 0       ;
;      - fetch:u_fetch|return_addr[11] ; 1                 ; 0       ;
;      - fetch:u_fetch|return_addr[12] ; 1                 ; 0       ;
;      - fetch:u_fetch|return_addr[13] ; 1                 ; 0       ;
;      - fetch:u_fetch|return_addr[14] ; 1                 ; 0       ;
;      - fetch:u_fetch|return_addr[15] ; 1                 ; 0       ;
; instruction_in[7]                    ;                   ;         ;
;      - regfile:u_regfile|regfile~180 ; 1                 ; 0       ;
;      - regfile:u_regfile|regfile~308 ; 1                 ; 0       ;
;      - regfile:u_regfile|regfile~172 ; 1                 ; 0       ;
;      - regfile:u_regfile|regfile~300 ; 1                 ; 0       ;
;      - regfile:u_regfile|regfile~184 ; 1                 ; 0       ;
;      - regfile:u_regfile|regfile~312 ; 1                 ; 0       ;
;      - regfile:u_regfile|regfile~176 ; 1                 ; 0       ;
;      - regfile:u_regfile|regfile~304 ; 1                 ; 0       ;
;      - regfile:u_regfile|regfile~196 ; 1                 ; 0       ;
;      - regfile:u_regfile|regfile~324 ; 1                 ; 0       ;
;      - regfile:u_regfile|regfile~192 ; 1                 ; 0       ;
;      - regfile:u_regfile|regfile~320 ; 1                 ; 0       ;
;      - regfile:u_regfile|regfile~188 ; 1                 ; 0       ;
;      - regfile:u_regfile|regfile~316 ; 1                 ; 0       ;
;      - regfile:u_regfile|regfile~132 ; 1                 ; 0       ;
;      - regfile:u_regfile|regfile~260 ; 1                 ; 0       ;
;      - regfile:u_regfile|regfile~128 ; 1                 ; 0       ;
;      - regfile:u_regfile|regfile~256 ; 1                 ; 0       ;
;      - regfile:u_regfile|regfile~140 ; 1                 ; 0       ;
;      - regfile:u_regfile|regfile~268 ; 1                 ; 0       ;
;      - regfile:u_regfile|regfile~156 ; 1                 ; 0       ;
;      - regfile:u_regfile|regfile~284 ; 1                 ; 0       ;
;      - regfile:u_regfile|regfile~136 ; 1                 ; 0       ;
;      - regfile:u_regfile|regfile~264 ; 1                 ; 0       ;
;      - regfile:u_regfile|regfile~152 ; 1                 ; 0       ;
;      - regfile:u_regfile|regfile~280 ; 1                 ; 0       ;
;      - regfile:u_regfile|regfile~164 ; 1                 ; 0       ;
;      - regfile:u_regfile|regfile~292 ; 1                 ; 0       ;
;      - regfile:u_regfile|regfile~160 ; 1                 ; 0       ;
;      - regfile:u_regfile|regfile~288 ; 1                 ; 0       ;
;      - regfile:u_regfile|regfile~168 ; 1                 ; 0       ;
;      - regfile:u_regfile|regfile~296 ; 1                 ; 0       ;
; instruction_in[6]                    ;                   ;         ;
;      - regfile:u_regfile|regfile~180 ; 1                 ; 0       ;
;      - regfile:u_regfile|regfile~308 ; 1                 ; 0       ;
;      - regfile:u_regfile|regfile~172 ; 1                 ; 0       ;
;      - regfile:u_regfile|regfile~300 ; 1                 ; 0       ;
;      - regfile:u_regfile|regfile~184 ; 1                 ; 0       ;
;      - regfile:u_regfile|regfile~312 ; 1                 ; 0       ;
;      - regfile:u_regfile|regfile~176 ; 1                 ; 0       ;
;      - regfile:u_regfile|regfile~304 ; 1                 ; 0       ;
;      - regfile:u_regfile|regfile~196 ; 1                 ; 0       ;
;      - regfile:u_regfile|regfile~324 ; 1                 ; 0       ;
;      - regfile:u_regfile|regfile~192 ; 1                 ; 0       ;
;      - regfile:u_regfile|regfile~320 ; 1                 ; 0       ;
;      - regfile:u_regfile|regfile~188 ; 1                 ; 0       ;
;      - regfile:u_regfile|regfile~316 ; 1                 ; 0       ;
;      - regfile:u_regfile|regfile~132 ; 1                 ; 0       ;
;      - regfile:u_regfile|regfile~260 ; 1                 ; 0       ;
;      - regfile:u_regfile|regfile~128 ; 1                 ; 0       ;
;      - regfile:u_regfile|regfile~256 ; 1                 ; 0       ;
;      - regfile:u_regfile|regfile~140 ; 1                 ; 0       ;
;      - regfile:u_regfile|regfile~268 ; 1                 ; 0       ;
;      - regfile:u_regfile|regfile~156 ; 1                 ; 0       ;
;      - regfile:u_regfile|regfile~284 ; 1                 ; 0       ;
;      - regfile:u_regfile|regfile~136 ; 1                 ; 0       ;
;      - regfile:u_regfile|regfile~264 ; 1                 ; 0       ;
;      - regfile:u_regfile|regfile~152 ; 1                 ; 0       ;
;      - regfile:u_regfile|regfile~280 ; 1                 ; 0       ;
;      - regfile:u_regfile|regfile~164 ; 1                 ; 0       ;
;      - regfile:u_regfile|regfile~292 ; 1                 ; 0       ;
;      - regfile:u_regfile|regfile~160 ; 1                 ; 0       ;
;      - regfile:u_regfile|regfile~288 ; 1                 ; 0       ;
;      - regfile:u_regfile|regfile~168 ; 1                 ; 0       ;
;      - regfile:u_regfile|regfile~296 ; 1                 ; 0       ;
; instruction_in[8]                    ;                   ;         ;
;      - regfile:u_regfile|regfile~384 ; 1                 ; 0       ;
;      - regfile:u_regfile|regfile~385 ; 1                 ; 0       ;
;      - regfile:u_regfile|regfile~386 ; 1                 ; 0       ;
;      - regfile:u_regfile|regfile~387 ; 1                 ; 0       ;
;      - regfile:u_regfile|regfile~388 ; 1                 ; 0       ;
;      - regfile:u_regfile|regfile~389 ; 1                 ; 0       ;
;      - regfile:u_regfile|regfile~390 ; 1                 ; 0       ;
;      - regfile:u_regfile|regfile~391 ; 1                 ; 0       ;
; instruction_in[9]                    ;                   ;         ;
;      - regfile:u_regfile|regfile~384 ; 0                 ; 0       ;
;      - regfile:u_regfile|regfile~385 ; 0                 ; 0       ;
;      - regfile:u_regfile|regfile~386 ; 0                 ; 0       ;
;      - regfile:u_regfile|regfile~387 ; 0                 ; 0       ;
;      - regfile:u_regfile|regfile~388 ; 0                 ; 0       ;
;      - regfile:u_regfile|regfile~389 ; 0                 ; 0       ;
;      - regfile:u_regfile|regfile~390 ; 0                 ; 0       ;
;      - regfile:u_regfile|regfile~391 ; 0                 ; 0       ;
; instruction_in[10]                   ;                   ;         ;
;      - regfile:u_regfile|regfile~384 ; 0                 ; 0       ;
;      - regfile:u_regfile|regfile~385 ; 0                 ; 0       ;
;      - regfile:u_regfile|regfile~386 ; 0                 ; 0       ;
;      - regfile:u_regfile|regfile~387 ; 0                 ; 0       ;
;      - regfile:u_regfile|regfile~388 ; 0                 ; 0       ;
;      - regfile:u_regfile|regfile~389 ; 0                 ; 0       ;
;      - regfile:u_regfile|regfile~390 ; 0                 ; 0       ;
;      - regfile:u_regfile|regfile~391 ; 0                 ; 0       ;
; instruction_in[5]                    ;                   ;         ;
;      - regfile:u_regfile|regfile~308 ; 1                 ; 0       ;
;      - regfile:u_regfile|regfile~300 ; 1                 ; 0       ;
;      - regfile:u_regfile|regfile~312 ; 1                 ; 0       ;
;      - regfile:u_regfile|regfile~304 ; 0                 ; 0       ;
;      - regfile:u_regfile|regfile~324 ; 1                 ; 0       ;
;      - regfile:u_regfile|regfile~320 ; 1                 ; 0       ;
;      - regfile:u_regfile|regfile~316 ; 1                 ; 0       ;
;      - regfile:u_regfile|regfile~260 ; 1                 ; 0       ;
;      - regfile:u_regfile|regfile~256 ; 1                 ; 0       ;
;      - regfile:u_regfile|regfile~268 ; 1                 ; 0       ;
;      - regfile:u_regfile|regfile~284 ; 1                 ; 0       ;
;      - regfile:u_regfile|regfile~264 ; 1                 ; 0       ;
;      - regfile:u_regfile|regfile~280 ; 1                 ; 0       ;
;      - regfile:u_regfile|regfile~292 ; 1                 ; 0       ;
;      - regfile:u_regfile|regfile~288 ; 0                 ; 0       ;
;      - regfile:u_regfile|regfile~296 ; 1                 ; 0       ;
+--------------------------------------+-------------------+---------+


+--------------------------------------------------------------------------------------------------------------------------------------------------------------+
; Control Signals                                                                                                                                              ;
+-------------------------------+----------------------+---------+--------------+--------+----------------------+------------------+---------------------------+
; Name                          ; Location             ; Fan-Out ; Usage        ; Global ; Global Resource Used ; Global Line Name ; Enable Signal Source Name ;
+-------------------------------+----------------------+---------+--------------+--------+----------------------+------------------+---------------------------+
; clk                           ; PIN_M16              ; 4256    ; Clock        ; yes    ; Global Clock         ; GCLK10           ; --                        ;
; control:u_control|Decoder0~1  ; LABCELL_X53_Y4_N27   ; 16      ; Clock enable ; no     ; --                   ; --               ; --                        ;
; dmem:u_dmem|mem~5456          ; LABCELL_X67_Y11_N39  ; 16      ; Clock enable ; no     ; --                   ; --               ; --                        ;
; dmem:u_dmem|mem~5458          ; LABCELL_X61_Y13_N54  ; 16      ; Clock enable ; no     ; --                   ; --               ; --                        ;
; dmem:u_dmem|mem~5460          ; LABCELL_X66_Y7_N27   ; 16      ; Clock enable ; no     ; --                   ; --               ; --                        ;
; dmem:u_dmem|mem~5462          ; LABCELL_X50_Y18_N27  ; 16      ; Clock enable ; no     ; --                   ; --               ; --                        ;
; dmem:u_dmem|mem~5464          ; LABCELL_X53_Y9_N45   ; 16      ; Clock enable ; no     ; --                   ; --               ; --                        ;
; dmem:u_dmem|mem~5466          ; LABCELL_X62_Y19_N36  ; 16      ; Clock enable ; no     ; --                   ; --               ; --                        ;
; dmem:u_dmem|mem~5468          ; LABCELL_X64_Y9_N36   ; 16      ; Clock enable ; no     ; --                   ; --               ; --                        ;
; dmem:u_dmem|mem~5470          ; LABCELL_X61_Y17_N0   ; 16      ; Clock enable ; no     ; --                   ; --               ; --                        ;
; dmem:u_dmem|mem~5472          ; LABCELL_X53_Y8_N36   ; 16      ; Clock enable ; no     ; --                   ; --               ; --                        ;
; dmem:u_dmem|mem~5474          ; LABCELL_X50_Y9_N27   ; 16      ; Clock enable ; no     ; --                   ; --               ; --                        ;
; dmem:u_dmem|mem~5476          ; LABCELL_X64_Y9_N33   ; 16      ; Clock enable ; no     ; --                   ; --               ; --                        ;
; dmem:u_dmem|mem~5478          ; MLABCELL_X65_Y9_N48  ; 16      ; Clock enable ; no     ; --                   ; --               ; --                        ;
; dmem:u_dmem|mem~5480          ; MLABCELL_X52_Y13_N27 ; 16      ; Clock enable ; no     ; --                   ; --               ; --                        ;
; dmem:u_dmem|mem~5482          ; LABCELL_X61_Y13_N24  ; 16      ; Clock enable ; no     ; --                   ; --               ; --                        ;
; dmem:u_dmem|mem~5484          ; LABCELL_X53_Y18_N42  ; 16      ; Clock enable ; no     ; --                   ; --               ; --                        ;
; dmem:u_dmem|mem~5486          ; MLABCELL_X59_Y18_N21 ; 16      ; Clock enable ; no     ; --                   ; --               ; --                        ;
; dmem:u_dmem|mem~5488          ; LABCELL_X43_Y11_N57  ; 16      ; Clock enable ; no     ; --                   ; --               ; --                        ;
; dmem:u_dmem|mem~5490          ; LABCELL_X66_Y16_N54  ; 16      ; Clock enable ; no     ; --                   ; --               ; --                        ;
; dmem:u_dmem|mem~5492          ; LABCELL_X64_Y12_N27  ; 16      ; Clock enable ; no     ; --                   ; --               ; --                        ;
; dmem:u_dmem|mem~5494          ; LABCELL_X48_Y12_N9   ; 16      ; Clock enable ; no     ; --                   ; --               ; --                        ;
; dmem:u_dmem|mem~5496          ; LABCELL_X53_Y13_N30  ; 16      ; Clock enable ; no     ; --                   ; --               ; --                        ;
; dmem:u_dmem|mem~5498          ; LABCELL_X56_Y14_N27  ; 16      ; Clock enable ; no     ; --                   ; --               ; --                        ;
; dmem:u_dmem|mem~5500          ; LABCELL_X57_Y5_N9    ; 16      ; Clock enable ; no     ; --                   ; --               ; --                        ;
; dmem:u_dmem|mem~5502          ; LABCELL_X50_Y9_N42   ; 16      ; Clock enable ; no     ; --                   ; --               ; --                        ;
; dmem:u_dmem|mem~5504          ; LABCELL_X62_Y9_N18   ; 16      ; Clock enable ; no     ; --                   ; --               ; --                        ;
; dmem:u_dmem|mem~5506          ; LABCELL_X67_Y6_N12   ; 16      ; Clock enable ; no     ; --                   ; --               ; --                        ;
; dmem:u_dmem|mem~5508          ; LABCELL_X64_Y9_N45   ; 16      ; Clock enable ; no     ; --                   ; --               ; --                        ;
; dmem:u_dmem|mem~5510          ; LABCELL_X64_Y12_N39  ; 16      ; Clock enable ; no     ; --                   ; --               ; --                        ;
; dmem:u_dmem|mem~5512          ; LABCELL_X53_Y17_N18  ; 16      ; Clock enable ; no     ; --                   ; --               ; --                        ;
; dmem:u_dmem|mem~5514          ; LABCELL_X66_Y13_N45  ; 16      ; Clock enable ; no     ; --                   ; --               ; --                        ;
; dmem:u_dmem|mem~5516          ; LABCELL_X61_Y14_N42  ; 16      ; Clock enable ; no     ; --                   ; --               ; --                        ;
; dmem:u_dmem|mem~5518          ; MLABCELL_X59_Y18_N51 ; 16      ; Clock enable ; no     ; --                   ; --               ; --                        ;
; dmem:u_dmem|mem~5520          ; LABCELL_X61_Y13_N15  ; 16      ; Clock enable ; no     ; --                   ; --               ; --                        ;
; dmem:u_dmem|mem~5522          ; MLABCELL_X65_Y12_N27 ; 16      ; Clock enable ; no     ; --                   ; --               ; --                        ;
; dmem:u_dmem|mem~5524          ; LABCELL_X51_Y17_N42  ; 16      ; Clock enable ; no     ; --                   ; --               ; --                        ;
; dmem:u_dmem|mem~5526          ; MLABCELL_X65_Y7_N57  ; 16      ; Clock enable ; no     ; --                   ; --               ; --                        ;
; dmem:u_dmem|mem~5528          ; LABCELL_X61_Y15_N3   ; 16      ; Clock enable ; no     ; --                   ; --               ; --                        ;
; dmem:u_dmem|mem~5530          ; LABCELL_X66_Y14_N48  ; 16      ; Clock enable ; no     ; --                   ; --               ; --                        ;
; dmem:u_dmem|mem~5532          ; LABCELL_X66_Y12_N48  ; 16      ; Clock enable ; no     ; --                   ; --               ; --                        ;
; dmem:u_dmem|mem~5534          ; LABCELL_X67_Y9_N33   ; 16      ; Clock enable ; no     ; --                   ; --               ; --                        ;
; dmem:u_dmem|mem~5536          ; MLABCELL_X65_Y16_N24 ; 16      ; Clock enable ; no     ; --                   ; --               ; --                        ;
; dmem:u_dmem|mem~5538          ; LABCELL_X51_Y16_N42  ; 16      ; Clock enable ; no     ; --                   ; --               ; --                        ;
; dmem:u_dmem|mem~5540          ; LABCELL_X55_Y8_N24   ; 16      ; Clock enable ; no     ; --                   ; --               ; --                        ;
; dmem:u_dmem|mem~5542          ; MLABCELL_X59_Y13_N45 ; 16      ; Clock enable ; no     ; --                   ; --               ; --                        ;
; dmem:u_dmem|mem~5544          ; LABCELL_X62_Y15_N48  ; 16      ; Clock enable ; no     ; --                   ; --               ; --                        ;
; dmem:u_dmem|mem~5546          ; LABCELL_X64_Y13_N9   ; 16      ; Clock enable ; no     ; --                   ; --               ; --                        ;
; dmem:u_dmem|mem~5548          ; LABCELL_X60_Y15_N30  ; 16      ; Clock enable ; no     ; --                   ; --               ; --                        ;
; dmem:u_dmem|mem~5550          ; LABCELL_X55_Y18_N57  ; 16      ; Clock enable ; no     ; --                   ; --               ; --                        ;
; dmem:u_dmem|mem~5552          ; LABCELL_X66_Y17_N30  ; 16      ; Clock enable ; no     ; --                   ; --               ; --                        ;
; dmem:u_dmem|mem~5554          ; LABCELL_X56_Y14_N12  ; 16      ; Clock enable ; no     ; --                   ; --               ; --                        ;
; dmem:u_dmem|mem~5556          ; LABCELL_X61_Y13_N3   ; 16      ; Clock enable ; no     ; --                   ; --               ; --                        ;
; dmem:u_dmem|mem~5558          ; LABCELL_X57_Y14_N24  ; 16      ; Clock enable ; no     ; --                   ; --               ; --                        ;
; dmem:u_dmem|mem~5560          ; LABCELL_X57_Y13_N12  ; 16      ; Clock enable ; no     ; --                   ; --               ; --                        ;
; dmem:u_dmem|mem~5562          ; MLABCELL_X59_Y17_N27 ; 16      ; Clock enable ; no     ; --                   ; --               ; --                        ;
; dmem:u_dmem|mem~5564          ; MLABCELL_X65_Y17_N21 ; 16      ; Clock enable ; no     ; --                   ; --               ; --                        ;
; dmem:u_dmem|mem~5566          ; LABCELL_X61_Y14_N30  ; 16      ; Clock enable ; no     ; --                   ; --               ; --                        ;
; dmem:u_dmem|mem~5568          ; MLABCELL_X59_Y17_N54 ; 16      ; Clock enable ; no     ; --                   ; --               ; --                        ;
; dmem:u_dmem|mem~5570          ; LABCELL_X61_Y19_N12  ; 16      ; Clock enable ; no     ; --                   ; --               ; --                        ;
; dmem:u_dmem|mem~5572          ; LABCELL_X63_Y16_N3   ; 16      ; Clock enable ; no     ; --                   ; --               ; --                        ;
; dmem:u_dmem|mem~5574          ; LABCELL_X61_Y15_N30  ; 16      ; Clock enable ; no     ; --                   ; --               ; --                        ;
; dmem:u_dmem|mem~5576          ; LABCELL_X57_Y13_N6   ; 16      ; Clock enable ; no     ; --                   ; --               ; --                        ;
; dmem:u_dmem|mem~5578          ; LABCELL_X57_Y17_N6   ; 16      ; Clock enable ; no     ; --                   ; --               ; --                        ;
; dmem:u_dmem|mem~5580          ; LABCELL_X57_Y13_N57  ; 16      ; Clock enable ; no     ; --                   ; --               ; --                        ;
; dmem:u_dmem|mem~5582          ; LABCELL_X57_Y13_N30  ; 16      ; Clock enable ; no     ; --                   ; --               ; --                        ;
; dmem:u_dmem|mem~5584          ; LABCELL_X68_Y12_N24  ; 16      ; Clock enable ; no     ; --                   ; --               ; --                        ;
; dmem:u_dmem|mem~5585          ; LABCELL_X43_Y11_N21  ; 16      ; Clock enable ; no     ; --                   ; --               ; --                        ;
; dmem:u_dmem|mem~5586          ; LABCELL_X61_Y13_N36  ; 16      ; Clock enable ; no     ; --                   ; --               ; --                        ;
; dmem:u_dmem|mem~5587          ; LABCELL_X56_Y14_N15  ; 16      ; Clock enable ; no     ; --                   ; --               ; --                        ;
; dmem:u_dmem|mem~5588          ; LABCELL_X61_Y13_N57  ; 16      ; Clock enable ; no     ; --                   ; --               ; --                        ;
; dmem:u_dmem|mem~5589          ; LABCELL_X66_Y16_N24  ; 16      ; Clock enable ; no     ; --                   ; --               ; --                        ;
; dmem:u_dmem|mem~5590          ; MLABCELL_X65_Y12_N24 ; 16      ; Clock enable ; no     ; --                   ; --               ; --                        ;
; dmem:u_dmem|mem~5591          ; LABCELL_X71_Y9_N9    ; 16      ; Clock enable ; no     ; --                   ; --               ; --                        ;
; dmem:u_dmem|mem~5592          ; MLABCELL_X65_Y13_N57 ; 16      ; Clock enable ; no     ; --                   ; --               ; --                        ;
; dmem:u_dmem|mem~5593          ; LABCELL_X64_Y12_N42  ; 16      ; Clock enable ; no     ; --                   ; --               ; --                        ;
; dmem:u_dmem|mem~5594          ; MLABCELL_X65_Y17_N36 ; 16      ; Clock enable ; no     ; --                   ; --               ; --                        ;
; dmem:u_dmem|mem~5595          ; LABCELL_X60_Y17_N57  ; 16      ; Clock enable ; no     ; --                   ; --               ; --                        ;
; dmem:u_dmem|mem~5596          ; MLABCELL_X47_Y10_N21 ; 16      ; Clock enable ; no     ; --                   ; --               ; --                        ;
; dmem:u_dmem|mem~5597          ; LABCELL_X51_Y9_N54   ; 16      ; Clock enable ; no     ; --                   ; --               ; --                        ;
; dmem:u_dmem|mem~5598          ; LABCELL_X64_Y7_N57   ; 16      ; Clock enable ; no     ; --                   ; --               ; --                        ;
; dmem:u_dmem|mem~5599          ; LABCELL_X57_Y13_N33  ; 16      ; Clock enable ; no     ; --                   ; --               ; --                        ;
; dmem:u_dmem|mem~5600          ; LABCELL_X53_Y9_N24   ; 16      ; Clock enable ; no     ; --                   ; --               ; --                        ;
; dmem:u_dmem|mem~5601          ; LABCELL_X53_Y13_N18  ; 16      ; Clock enable ; no     ; --                   ; --               ; --                        ;
; dmem:u_dmem|mem~5602          ; LABCELL_X61_Y15_N33  ; 16      ; Clock enable ; no     ; --                   ; --               ; --                        ;
; dmem:u_dmem|mem~5603          ; LABCELL_X57_Y14_N27  ; 16      ; Clock enable ; no     ; --                   ; --               ; --                        ;
; dmem:u_dmem|mem~5604          ; LABCELL_X62_Y19_N48  ; 16      ; Clock enable ; no     ; --                   ; --               ; --                        ;
; dmem:u_dmem|mem~5605          ; LABCELL_X53_Y11_N18  ; 16      ; Clock enable ; no     ; --                   ; --               ; --                        ;
; dmem:u_dmem|mem~5606          ; MLABCELL_X65_Y8_N9   ; 16      ; Clock enable ; no     ; --                   ; --               ; --                        ;
; dmem:u_dmem|mem~5607          ; MLABCELL_X72_Y12_N39 ; 16      ; Clock enable ; no     ; --                   ; --               ; --                        ;
; dmem:u_dmem|mem~5608          ; LABCELL_X64_Y9_N12   ; 16      ; Clock enable ; no     ; --                   ; --               ; --                        ;
; dmem:u_dmem|mem~5609          ; LABCELL_X56_Y5_N51   ; 16      ; Clock enable ; no     ; --                   ; --               ; --                        ;
; dmem:u_dmem|mem~5610          ; LABCELL_X68_Y12_N48  ; 16      ; Clock enable ; no     ; --                   ; --               ; --                        ;
; dmem:u_dmem|mem~5611          ; LABCELL_X66_Y10_N57  ; 16      ; Clock enable ; no     ; --                   ; --               ; --                        ;
; dmem:u_dmem|mem~5612          ; LABCELL_X75_Y11_N54  ; 16      ; Clock enable ; no     ; --                   ; --               ; --                        ;
; dmem:u_dmem|mem~5613          ; LABCELL_X48_Y9_N27   ; 16      ; Clock enable ; no     ; --                   ; --               ; --                        ;
; dmem:u_dmem|mem~5614          ; LABCELL_X67_Y9_N57   ; 16      ; Clock enable ; no     ; --                   ; --               ; --                        ;
; dmem:u_dmem|mem~5615          ; LABCELL_X61_Y17_N12  ; 16      ; Clock enable ; no     ; --                   ; --               ; --                        ;
; dmem:u_dmem|mem~5616          ; LABCELL_X73_Y9_N51   ; 16      ; Clock enable ; no     ; --                   ; --               ; --                        ;
; dmem:u_dmem|mem~5617          ; LABCELL_X73_Y9_N9    ; 16      ; Clock enable ; no     ; --                   ; --               ; --                        ;
; dmem:u_dmem|mem~5618          ; MLABCELL_X65_Y9_N39  ; 16      ; Clock enable ; no     ; --                   ; --               ; --                        ;
; dmem:u_dmem|mem~5619          ; MLABCELL_X65_Y9_N9   ; 16      ; Clock enable ; no     ; --                   ; --               ; --                        ;
; dmem:u_dmem|mem~5620          ; LABCELL_X63_Y7_N27   ; 16      ; Clock enable ; no     ; --                   ; --               ; --                        ;
; dmem:u_dmem|mem~5621          ; LABCELL_X60_Y5_N51   ; 16      ; Clock enable ; no     ; --                   ; --               ; --                        ;
; dmem:u_dmem|mem~5622          ; LABCELL_X56_Y5_N54   ; 16      ; Clock enable ; no     ; --                   ; --               ; --                        ;
; dmem:u_dmem|mem~5623          ; LABCELL_X62_Y6_N6    ; 16      ; Clock enable ; no     ; --                   ; --               ; --                        ;
; dmem:u_dmem|mem~5624          ; MLABCELL_X65_Y16_N15 ; 16      ; Clock enable ; no     ; --                   ; --               ; --                        ;
; dmem:u_dmem|mem~5625          ; MLABCELL_X65_Y12_N12 ; 16      ; Clock enable ; no     ; --                   ; --               ; --                        ;
; dmem:u_dmem|mem~5626          ; LABCELL_X53_Y9_N39   ; 16      ; Clock enable ; no     ; --                   ; --               ; --                        ;
; dmem:u_dmem|mem~5627          ; LABCELL_X61_Y13_N42  ; 16      ; Clock enable ; no     ; --                   ; --               ; --                        ;
; dmem:u_dmem|mem~5628          ; LABCELL_X53_Y9_N6    ; 16      ; Clock enable ; no     ; --                   ; --               ; --                        ;
; dmem:u_dmem|mem~5629          ; MLABCELL_X65_Y13_N21 ; 16      ; Clock enable ; no     ; --                   ; --               ; --                        ;
; dmem:u_dmem|mem~5630          ; LABCELL_X67_Y15_N0   ; 16      ; Clock enable ; no     ; --                   ; --               ; --                        ;
; dmem:u_dmem|mem~5631          ; LABCELL_X57_Y13_N15  ; 16      ; Clock enable ; no     ; --                   ; --               ; --                        ;
; dmem:u_dmem|mem~5632          ; LABCELL_X53_Y13_N51  ; 16      ; Clock enable ; no     ; --                   ; --               ; --                        ;
; dmem:u_dmem|mem~5633          ; LABCELL_X53_Y12_N18  ; 16      ; Clock enable ; no     ; --                   ; --               ; --                        ;
; dmem:u_dmem|mem~5634          ; LABCELL_X62_Y15_N33  ; 16      ; Clock enable ; no     ; --                   ; --               ; --                        ;
; dmem:u_dmem|mem~5635          ; LABCELL_X56_Y14_N30  ; 16      ; Clock enable ; no     ; --                   ; --               ; --                        ;
; dmem:u_dmem|mem~5636          ; LABCELL_X61_Y13_N51  ; 16      ; Clock enable ; no     ; --                   ; --               ; --                        ;
; dmem:u_dmem|mem~5637          ; LABCELL_X67_Y9_N27   ; 16      ; Clock enable ; no     ; --                   ; --               ; --                        ;
; dmem:u_dmem|mem~5638          ; LABCELL_X64_Y12_N54  ; 16      ; Clock enable ; no     ; --                   ; --               ; --                        ;
; dmem:u_dmem|mem~5639          ; LABCELL_X53_Y12_N21  ; 16      ; Clock enable ; no     ; --                   ; --               ; --                        ;
; dmem:u_dmem|mem~5640          ; LABCELL_X70_Y10_N54  ; 16      ; Clock enable ; no     ; --                   ; --               ; --                        ;
; dmem:u_dmem|mem~5641          ; LABCELL_X57_Y15_N12  ; 16      ; Clock enable ; no     ; --                   ; --               ; --                        ;
; dmem:u_dmem|mem~5642          ; LABCELL_X67_Y13_N45  ; 16      ; Clock enable ; no     ; --                   ; --               ; --                        ;
; dmem:u_dmem|mem~5643          ; LABCELL_X61_Y15_N45  ; 16      ; Clock enable ; no     ; --                   ; --               ; --                        ;
; dmem:u_dmem|mem~5644          ; MLABCELL_X59_Y18_N6  ; 16      ; Clock enable ; no     ; --                   ; --               ; --                        ;
; dmem:u_dmem|mem~5645          ; MLABCELL_X59_Y18_N24 ; 16      ; Clock enable ; no     ; --                   ; --               ; --                        ;
; dmem:u_dmem|mem~5646          ; LABCELL_X61_Y16_N24  ; 16      ; Clock enable ; no     ; --                   ; --               ; --                        ;
; dmem:u_dmem|mem~5647          ; LABCELL_X57_Y13_N51  ; 16      ; Clock enable ; no     ; --                   ; --               ; --                        ;
; dmem:u_dmem|mem~5649          ; LABCELL_X66_Y12_N33  ; 16      ; Clock enable ; no     ; --                   ; --               ; --                        ;
; dmem:u_dmem|mem~5650          ; LABCELL_X53_Y11_N6   ; 16      ; Clock enable ; no     ; --                   ; --               ; --                        ;
; dmem:u_dmem|mem~5651          ; LABCELL_X51_Y14_N15  ; 16      ; Clock enable ; no     ; --                   ; --               ; --                        ;
; dmem:u_dmem|mem~5652          ; MLABCELL_X52_Y13_N24 ; 16      ; Clock enable ; no     ; --                   ; --               ; --                        ;
; dmem:u_dmem|mem~5653          ; MLABCELL_X52_Y13_N57 ; 16      ; Clock enable ; no     ; --                   ; --               ; --                        ;
; dmem:u_dmem|mem~5654          ; MLABCELL_X52_Y15_N12 ; 16      ; Clock enable ; no     ; --                   ; --               ; --                        ;
; dmem:u_dmem|mem~5655          ; LABCELL_X53_Y9_N57   ; 16      ; Clock enable ; no     ; --                   ; --               ; --                        ;
; dmem:u_dmem|mem~5656          ; LABCELL_X53_Y14_N0   ; 16      ; Clock enable ; no     ; --                   ; --               ; --                        ;
; dmem:u_dmem|mem~5657          ; LABCELL_X61_Y13_N39  ; 16      ; Clock enable ; no     ; --                   ; --               ; --                        ;
; dmem:u_dmem|mem~5658          ; LABCELL_X55_Y21_N27  ; 16      ; Clock enable ; no     ; --                   ; --               ; --                        ;
; dmem:u_dmem|mem~5659          ; MLABCELL_X65_Y16_N18 ; 16      ; Clock enable ; no     ; --                   ; --               ; --                        ;
; dmem:u_dmem|mem~5660          ; LABCELL_X62_Y15_N18  ; 16      ; Clock enable ; no     ; --                   ; --               ; --                        ;
; dmem:u_dmem|mem~5661          ; LABCELL_X56_Y14_N51  ; 16      ; Clock enable ; no     ; --                   ; --               ; --                        ;
; dmem:u_dmem|mem~5662          ; LABCELL_X56_Y14_N39  ; 16      ; Clock enable ; no     ; --                   ; --               ; --                        ;
; dmem:u_dmem|mem~5663          ; LABCELL_X53_Y9_N9    ; 16      ; Clock enable ; no     ; --                   ; --               ; --                        ;
; dmem:u_dmem|mem~5664          ; LABCELL_X56_Y14_N33  ; 16      ; Clock enable ; no     ; --                   ; --               ; --                        ;
; dmem:u_dmem|mem~5665          ; LABCELL_X61_Y15_N36  ; 16      ; Clock enable ; no     ; --                   ; --               ; --                        ;
; dmem:u_dmem|mem~5666          ; LABCELL_X62_Y19_N9   ; 16      ; Clock enable ; no     ; --                   ; --               ; --                        ;
; dmem:u_dmem|mem~5667          ; LABCELL_X46_Y10_N51  ; 16      ; Clock enable ; no     ; --                   ; --               ; --                        ;
; dmem:u_dmem|mem~5668          ; LABCELL_X61_Y13_N27  ; 16      ; Clock enable ; no     ; --                   ; --               ; --                        ;
; dmem:u_dmem|mem~5669          ; LABCELL_X66_Y16_N0   ; 16      ; Clock enable ; no     ; --                   ; --               ; --                        ;
; dmem:u_dmem|mem~5670          ; LABCELL_X53_Y11_N9   ; 16      ; Clock enable ; no     ; --                   ; --               ; --                        ;
; dmem:u_dmem|mem~5671          ; LABCELL_X48_Y6_N0    ; 16      ; Clock enable ; no     ; --                   ; --               ; --                        ;
; dmem:u_dmem|mem~5672          ; LABCELL_X66_Y15_N42  ; 16      ; Clock enable ; no     ; --                   ; --               ; --                        ;
; dmem:u_dmem|mem~5673          ; LABCELL_X50_Y16_N51  ; 16      ; Clock enable ; no     ; --                   ; --               ; --                        ;
; dmem:u_dmem|mem~5674          ; LABCELL_X43_Y10_N21  ; 16      ; Clock enable ; no     ; --                   ; --               ; --                        ;
; dmem:u_dmem|mem~5675          ; LABCELL_X50_Y20_N51  ; 16      ; Clock enable ; no     ; --                   ; --               ; --                        ;
; dmem:u_dmem|mem~5676          ; LABCELL_X62_Y17_N27  ; 16      ; Clock enable ; no     ; --                   ; --               ; --                        ;
; dmem:u_dmem|mem~5677          ; LABCELL_X57_Y17_N24  ; 16      ; Clock enable ; no     ; --                   ; --               ; --                        ;
; dmem:u_dmem|mem~5678          ; LABCELL_X57_Y17_N39  ; 16      ; Clock enable ; no     ; --                   ; --               ; --                        ;
; dmem:u_dmem|mem~5679          ; LABCELL_X57_Y20_N51  ; 16      ; Clock enable ; no     ; --                   ; --               ; --                        ;
; dmem:u_dmem|mem~5680          ; LABCELL_X57_Y17_N12  ; 16      ; Clock enable ; no     ; --                   ; --               ; --                        ;
; dmem:u_dmem|mem~5681          ; MLABCELL_X59_Y16_N6  ; 16      ; Clock enable ; no     ; --                   ; --               ; --                        ;
; dmem:u_dmem|mem~5682          ; LABCELL_X61_Y11_N45  ; 16      ; Clock enable ; no     ; --                   ; --               ; --                        ;
; dmem:u_dmem|mem~5683          ; LABCELL_X64_Y9_N57   ; 16      ; Clock enable ; no     ; --                   ; --               ; --                        ;
; dmem:u_dmem|mem~5684          ; MLABCELL_X52_Y13_N39 ; 16      ; Clock enable ; no     ; --                   ; --               ; --                        ;
; dmem:u_dmem|mem~5685          ; MLABCELL_X47_Y12_N39 ; 16      ; Clock enable ; no     ; --                   ; --               ; --                        ;
; dmem:u_dmem|mem~5686          ; LABCELL_X56_Y5_N15   ; 16      ; Clock enable ; no     ; --                   ; --               ; --                        ;
; dmem:u_dmem|mem~5687          ; LABCELL_X50_Y12_N33  ; 16      ; Clock enable ; no     ; --                   ; --               ; --                        ;
; dmem:u_dmem|mem~5688          ; LABCELL_X56_Y15_N30  ; 16      ; Clock enable ; no     ; --                   ; --               ; --                        ;
; dmem:u_dmem|mem~5689          ; MLABCELL_X47_Y7_N48  ; 16      ; Clock enable ; no     ; --                   ; --               ; --                        ;
; dmem:u_dmem|mem~5690          ; MLABCELL_X47_Y7_N30  ; 16      ; Clock enable ; no     ; --                   ; --               ; --                        ;
; dmem:u_dmem|mem~5691          ; LABCELL_X50_Y20_N45  ; 16      ; Clock enable ; no     ; --                   ; --               ; --                        ;
; dmem:u_dmem|mem~5692          ; MLABCELL_X59_Y16_N54 ; 16      ; Clock enable ; no     ; --                   ; --               ; --                        ;
; dmem:u_dmem|mem~5693          ; MLABCELL_X59_Y17_N45 ; 16      ; Clock enable ; no     ; --                   ; --               ; --                        ;
; dmem:u_dmem|mem~5694          ; LABCELL_X57_Y19_N51  ; 16      ; Clock enable ; no     ; --                   ; --               ; --                        ;
; dmem:u_dmem|mem~5695          ; LABCELL_X62_Y18_N39  ; 16      ; Clock enable ; no     ; --                   ; --               ; --                        ;
; dmem:u_dmem|mem~5696          ; LABCELL_X61_Y15_N18  ; 16      ; Clock enable ; no     ; --                   ; --               ; --                        ;
; dmem:u_dmem|mem~5697          ; LABCELL_X43_Y10_N6   ; 16      ; Clock enable ; no     ; --                   ; --               ; --                        ;
; dmem:u_dmem|mem~5698          ; LABCELL_X48_Y10_N36  ; 16      ; Clock enable ; no     ; --                   ; --               ; --                        ;
; dmem:u_dmem|mem~5699          ; LABCELL_X64_Y7_N24   ; 16      ; Clock enable ; no     ; --                   ; --               ; --                        ;
; dmem:u_dmem|mem~5700          ; LABCELL_X57_Y13_N9   ; 16      ; Clock enable ; no     ; --                   ; --               ; --                        ;
; dmem:u_dmem|mem~5701          ; LABCELL_X46_Y11_N51  ; 16      ; Clock enable ; no     ; --                   ; --               ; --                        ;
; dmem:u_dmem|mem~5702          ; LABCELL_X51_Y9_N39   ; 16      ; Clock enable ; no     ; --                   ; --               ; --                        ;
; dmem:u_dmem|mem~5703          ; LABCELL_X67_Y9_N12   ; 16      ; Clock enable ; no     ; --                   ; --               ; --                        ;
; dmem:u_dmem|mem~5704          ; LABCELL_X56_Y17_N57  ; 16      ; Clock enable ; no     ; --                   ; --               ; --                        ;
; dmem:u_dmem|mem~5705          ; LABCELL_X51_Y9_N30   ; 16      ; Clock enable ; no     ; --                   ; --               ; --                        ;
; dmem:u_dmem|mem~5706          ; MLABCELL_X59_Y13_N27 ; 16      ; Clock enable ; no     ; --                   ; --               ; --                        ;
; dmem:u_dmem|mem~5707          ; MLABCELL_X59_Y13_N42 ; 16      ; Clock enable ; no     ; --                   ; --               ; --                        ;
; dmem:u_dmem|mem~5708          ; LABCELL_X55_Y13_N42  ; 16      ; Clock enable ; no     ; --                   ; --               ; --                        ;
; dmem:u_dmem|mem~5709          ; LABCELL_X57_Y18_N3   ; 16      ; Clock enable ; no     ; --                   ; --               ; --                        ;
; dmem:u_dmem|mem~5710          ; LABCELL_X57_Y18_N48  ; 16      ; Clock enable ; no     ; --                   ; --               ; --                        ;
; dmem:u_dmem|mem~5711          ; LABCELL_X55_Y18_N9   ; 16      ; Clock enable ; no     ; --                   ; --               ; --                        ;
; dmem:u_dmem|mem~5712          ; LABCELL_X56_Y12_N12  ; 16      ; Clock enable ; no     ; --                   ; --               ; --                        ;
; dmem:u_dmem|mem~5714          ; LABCELL_X67_Y12_N27  ; 16      ; Clock enable ; no     ; --                   ; --               ; --                        ;
; dmem:u_dmem|mem~5715          ; LABCELL_X60_Y13_N51  ; 16      ; Clock enable ; no     ; --                   ; --               ; --                        ;
; dmem:u_dmem|mem~5716          ; LABCELL_X66_Y7_N12   ; 16      ; Clock enable ; no     ; --                   ; --               ; --                        ;
; dmem:u_dmem|mem~5717          ; MLABCELL_X52_Y7_N39  ; 16      ; Clock enable ; no     ; --                   ; --               ; --                        ;
; dmem:u_dmem|mem~5718          ; LABCELL_X53_Y9_N27   ; 16      ; Clock enable ; no     ; --                   ; --               ; --                        ;
; dmem:u_dmem|mem~5719          ; LABCELL_X62_Y19_N21  ; 16      ; Clock enable ; no     ; --                   ; --               ; --                        ;
; dmem:u_dmem|mem~5720          ; LABCELL_X64_Y9_N15   ; 16      ; Clock enable ; no     ; --                   ; --               ; --                        ;
; dmem:u_dmem|mem~5721          ; LABCELL_X63_Y7_N51   ; 16      ; Clock enable ; no     ; --                   ; --               ; --                        ;
; dmem:u_dmem|mem~5722          ; LABCELL_X53_Y8_N9    ; 16      ; Clock enable ; no     ; --                   ; --               ; --                        ;
; dmem:u_dmem|mem~5723          ; LABCELL_X53_Y7_N51   ; 16      ; Clock enable ; no     ; --                   ; --               ; --                        ;
; dmem:u_dmem|mem~5724          ; MLABCELL_X65_Y9_N57  ; 16      ; Clock enable ; no     ; --                   ; --               ; --                        ;
; dmem:u_dmem|mem~5725          ; LABCELL_X51_Y7_N3    ; 16      ; Clock enable ; no     ; --                   ; --               ; --                        ;
; dmem:u_dmem|mem~5726          ; MLABCELL_X52_Y11_N57 ; 16      ; Clock enable ; no     ; --                   ; --               ; --                        ;
; dmem:u_dmem|mem~5727          ; LABCELL_X61_Y13_N12  ; 16      ; Clock enable ; no     ; --                   ; --               ; --                        ;
; dmem:u_dmem|mem~5728          ; MLABCELL_X52_Y10_N48 ; 16      ; Clock enable ; no     ; --                   ; --               ; --                        ;
; dmem:u_dmem|mem~5729          ; LABCELL_X60_Y16_N42  ; 16      ; Clock enable ; no     ; --                   ; --               ; --                        ;
; dmem:u_dmem|mem~5730          ; LABCELL_X43_Y11_N36  ; 16      ; Clock enable ; no     ; --                   ; --               ; --                        ;
; dmem:u_dmem|mem~5731          ; MLABCELL_X52_Y13_N6  ; 16      ; Clock enable ; no     ; --                   ; --               ; --                        ;
; dmem:u_dmem|mem~5732          ; LABCELL_X64_Y12_N0   ; 16      ; Clock enable ; no     ; --                   ; --               ; --                        ;
; dmem:u_dmem|mem~5733          ; LABCELL_X50_Y10_N18  ; 16      ; Clock enable ; no     ; --                   ; --               ; --                        ;
; dmem:u_dmem|mem~5734          ; MLABCELL_X52_Y13_N9  ; 16      ; Clock enable ; no     ; --                   ; --               ; --                        ;
; dmem:u_dmem|mem~5735          ; LABCELL_X53_Y11_N21  ; 16      ; Clock enable ; no     ; --                   ; --               ; --                        ;
; dmem:u_dmem|mem~5736          ; LABCELL_X56_Y5_N12   ; 16      ; Clock enable ; no     ; --                   ; --               ; --                        ;
; dmem:u_dmem|mem~5737          ; LABCELL_X50_Y9_N54   ; 16      ; Clock enable ; no     ; --                   ; --               ; --                        ;
; dmem:u_dmem|mem~5738          ; MLABCELL_X52_Y8_N39  ; 16      ; Clock enable ; no     ; --                   ; --               ; --                        ;
; dmem:u_dmem|mem~5739          ; LABCELL_X50_Y6_N27   ; 16      ; Clock enable ; no     ; --                   ; --               ; --                        ;
; dmem:u_dmem|mem~5740          ; LABCELL_X55_Y5_N12   ; 16      ; Clock enable ; no     ; --                   ; --               ; --                        ;
; dmem:u_dmem|mem~5741          ; LABCELL_X50_Y7_N21   ; 16      ; Clock enable ; no     ; --                   ; --               ; --                        ;
; dmem:u_dmem|mem~5742          ; LABCELL_X51_Y12_N48  ; 16      ; Clock enable ; no     ; --                   ; --               ; --                        ;
; dmem:u_dmem|mem~5743          ; LABCELL_X46_Y14_N36  ; 16      ; Clock enable ; no     ; --                   ; --               ; --                        ;
; dmem:u_dmem|mem~5744          ; LABCELL_X53_Y15_N45  ; 16      ; Clock enable ; no     ; --                   ; --               ; --                        ;
; dmem:u_dmem|mem~5745          ; LABCELL_X56_Y18_N39  ; 16      ; Clock enable ; no     ; --                   ; --               ; --                        ;
; dmem:u_dmem|mem~5746          ; LABCELL_X60_Y13_N54  ; 16      ; Clock enable ; no     ; --                   ; --               ; --                        ;
; dmem:u_dmem|mem~5747          ; LABCELL_X64_Y12_N9   ; 16      ; Clock enable ; no     ; --                   ; --               ; --                        ;
; dmem:u_dmem|mem~5748          ; LABCELL_X51_Y17_N54  ; 16      ; Clock enable ; no     ; --                   ; --               ; --                        ;
; dmem:u_dmem|mem~5749          ; LABCELL_X64_Y7_N18   ; 16      ; Clock enable ; no     ; --                   ; --               ; --                        ;
; dmem:u_dmem|mem~5750          ; LABCELL_X61_Y15_N27  ; 16      ; Clock enable ; no     ; --                   ; --               ; --                        ;
; dmem:u_dmem|mem~5751          ; LABCELL_X56_Y16_N45  ; 16      ; Clock enable ; no     ; --                   ; --               ; --                        ;
; dmem:u_dmem|mem~5752          ; LABCELL_X67_Y9_N0    ; 16      ; Clock enable ; no     ; --                   ; --               ; --                        ;
; dmem:u_dmem|mem~5753          ; LABCELL_X67_Y9_N36   ; 16      ; Clock enable ; no     ; --                   ; --               ; --                        ;
; dmem:u_dmem|mem~5754          ; LABCELL_X53_Y6_N54   ; 16      ; Clock enable ; no     ; --                   ; --               ; --                        ;
; dmem:u_dmem|mem~5755          ; MLABCELL_X52_Y6_N9   ; 16      ; Clock enable ; no     ; --                   ; --               ; --                        ;
; dmem:u_dmem|mem~5756          ; LABCELL_X53_Y8_N0    ; 16      ; Clock enable ; no     ; --                   ; --               ; --                        ;
; dmem:u_dmem|mem~5757          ; LABCELL_X50_Y7_N9    ; 16      ; Clock enable ; no     ; --                   ; --               ; --                        ;
; dmem:u_dmem|mem~5758          ; LABCELL_X61_Y15_N51  ; 16      ; Clock enable ; no     ; --                   ; --               ; --                        ;
; dmem:u_dmem|mem~5759          ; LABCELL_X62_Y12_N6   ; 16      ; Clock enable ; no     ; --                   ; --               ; --                        ;
; dmem:u_dmem|mem~5760          ; LABCELL_X55_Y17_N36  ; 16      ; Clock enable ; no     ; --                   ; --               ; --                        ;
; dmem:u_dmem|mem~5761          ; LABCELL_X55_Y18_N24  ; 16      ; Clock enable ; no     ; --                   ; --               ; --                        ;
; dmem:u_dmem|mem~5762          ; LABCELL_X56_Y14_N36  ; 16      ; Clock enable ; no     ; --                   ; --               ; --                        ;
; dmem:u_dmem|mem~5763          ; LABCELL_X56_Y14_N21  ; 16      ; Clock enable ; no     ; --                   ; --               ; --                        ;
; dmem:u_dmem|mem~5764          ; LABCELL_X46_Y9_N54   ; 16      ; Clock enable ; no     ; --                   ; --               ; --                        ;
; dmem:u_dmem|mem~5765          ; LABCELL_X56_Y14_N45  ; 16      ; Clock enable ; no     ; --                   ; --               ; --                        ;
; dmem:u_dmem|mem~5766          ; LABCELL_X53_Y9_N51   ; 16      ; Clock enable ; no     ; --                   ; --               ; --                        ;
; dmem:u_dmem|mem~5767          ; LABCELL_X56_Y17_N12  ; 16      ; Clock enable ; no     ; --                   ; --               ; --                        ;
; dmem:u_dmem|mem~5768          ; LABCELL_X56_Y14_N42  ; 16      ; Clock enable ; no     ; --                   ; --               ; --                        ;
; dmem:u_dmem|mem~5769          ; MLABCELL_X52_Y12_N57 ; 16      ; Clock enable ; no     ; --                   ; --               ; --                        ;
; dmem:u_dmem|mem~5770          ; MLABCELL_X59_Y17_N18 ; 16      ; Clock enable ; no     ; --                   ; --               ; --                        ;
; dmem:u_dmem|mem~5771          ; MLABCELL_X52_Y11_N24 ; 16      ; Clock enable ; no     ; --                   ; --               ; --                        ;
; dmem:u_dmem|mem~5772          ; LABCELL_X45_Y12_N27  ; 16      ; Clock enable ; no     ; --                   ; --               ; --                        ;
; dmem:u_dmem|mem~5773          ; LABCELL_X61_Y13_N45  ; 16      ; Clock enable ; no     ; --                   ; --               ; --                        ;
; dmem:u_dmem|mem~5774          ; MLABCELL_X52_Y11_N39 ; 16      ; Clock enable ; no     ; --                   ; --               ; --                        ;
; dmem:u_dmem|mem~5775          ; LABCELL_X55_Y17_N42  ; 16      ; Clock enable ; no     ; --                   ; --               ; --                        ;
; dmem:u_dmem|mem~5776          ; MLABCELL_X52_Y13_N54 ; 16      ; Clock enable ; no     ; --                   ; --               ; --                        ;
; dmem:u_dmem|mem~5777          ; LABCELL_X56_Y9_N27   ; 16      ; Clock enable ; no     ; --                   ; --               ; --                        ;
; regfile:u_regfile|regfile~384 ; LABCELL_X63_Y10_N6   ; 16      ; Clock enable ; no     ; --                   ; --               ; --                        ;
; regfile:u_regfile|regfile~385 ; LABCELL_X63_Y10_N9   ; 16      ; Clock enable ; no     ; --                   ; --               ; --                        ;
; regfile:u_regfile|regfile~386 ; LABCELL_X60_Y10_N30  ; 16      ; Clock enable ; no     ; --                   ; --               ; --                        ;
; regfile:u_regfile|regfile~387 ; MLABCELL_X59_Y8_N18  ; 16      ; Clock enable ; no     ; --                   ; --               ; --                        ;
; regfile:u_regfile|regfile~388 ; LABCELL_X60_Y10_N24  ; 16      ; Clock enable ; no     ; --                   ; --               ; --                        ;
; regfile:u_regfile|regfile~389 ; LABCELL_X63_Y10_N54  ; 16      ; Clock enable ; no     ; --                   ; --               ; --                        ;
; regfile:u_regfile|regfile~390 ; LABCELL_X70_Y8_N51   ; 16      ; Clock enable ; no     ; --                   ; --               ; --                        ;
; regfile:u_regfile|regfile~391 ; LABCELL_X63_Y10_N3   ; 16      ; Clock enable ; no     ; --                   ; --               ; --                        ;
; reset                         ; PIN_AB15             ; 32      ; Async. clear ; no     ; --                   ; --               ; --                        ;
+-------------------------------+----------------------+---------+--------------+--------+----------------------+------------------+---------------------------+


+-------------------------------------------------------------------------------------------------+
; Global & Other Fast Signals                                                                     ;
+------+----------+---------+----------------------+------------------+---------------------------+
; Name ; Location ; Fan-Out ; Global Resource Used ; Global Line Name ; Enable Signal Source Name ;
+------+----------+---------+----------------------+------------------+---------------------------+
; clk  ; PIN_M16  ; 4256    ; Global Clock         ; GCLK10           ; --                        ;
+------+----------+---------+----------------------+------------------+---------------------------+


+----------------------------------+
; Non-Global High Fan-Out Signals  ;
+------------------------+---------+
; Name                   ; Fan-Out ;
+------------------------+---------+
; alu:u_alu|Selector15~3 ; 518     ;
; alu:u_alu|Selector14~6 ; 518     ;
; alu:u_alu|Selector12~4 ; 515     ;
; alu:u_alu|Selector13~5 ; 515     ;
; alu:u_alu|Selector11~4 ; 512     ;
; alu:u_alu|Selector10~5 ; 512     ;
+------------------------+---------+


+--------------------------------------------------------+
; Routing Usage Summary                                  ;
+------------------------------+-------------------------+
; Routing Resource Type        ; Usage                   ;
+------------------------------+-------------------------+
; Block interconnects          ; 9,535 / 374,484 ( 3 % ) ;
; C12 interconnects            ; 317 / 16,664 ( 2 % )    ;
; C2 interconnects             ; 3,563 / 155,012 ( 2 % ) ;
; C4 interconnects             ; 2,093 / 72,600 ( 3 % )  ;
; DQS bus muxes                ; 0 / 30 ( 0 % )          ;
; DQS-18 I/O buses             ; 0 / 30 ( 0 % )          ;
; DQS-9 I/O buses              ; 0 / 30 ( 0 % )          ;
; Direct links                 ; 389 / 374,484 ( < 1 % ) ;
; Global clocks                ; 1 / 16 ( 6 % )          ;
; Horizontal periphery clocks  ; 0 / 72 ( 0 % )          ;
; Local interconnects          ; 1,502 / 112,960 ( 1 % ) ;
; Quadrant clocks              ; 0 / 88 ( 0 % )          ;
; R14 interconnects            ; 415 / 15,868 ( 3 % )    ;
; R14/C12 interconnect drivers ; 654 / 27,256 ( 2 % )    ;
; R3 interconnects             ; 4,299 / 169,296 ( 3 % ) ;
; R6 interconnects             ; 6,602 / 330,800 ( 2 % ) ;
; Spine clocks                 ; 5 / 480 ( 1 % )         ;
; Wire stub REs                ; 0 / 20,834 ( 0 % )      ;
+------------------------------+-------------------------+


+------------------------------------------+
; I/O Rules Summary                        ;
+----------------------------------+-------+
; I/O Rules Statistic              ; Total ;
+----------------------------------+-------+
; Total I/O Rules                  ; 28    ;
; Number of I/O Rules Passed       ; 6     ;
; Number of I/O Rules Failed       ; 0     ;
; Number of I/O Rules Unchecked    ; 0     ;
; Number of I/O Rules Inapplicable ; 22    ;
+----------------------------------+-------+


+-----------------------------------------------------------------------------------------------------------------------------------------------------------------------------------------------------------------------------------------------------------------------------------+
; I/O Rules Details                                                                                                                                                                                                                                                                 ;
+--------------+-----------+-----------------------------------+------------------------------------------------------------------------------------+----------+--------------------------------------------------------------------------+---------------------+-------------------+
; Status       ; ID        ; Category                          ; Rule Description                                                                   ; Severity ; Information                                                              ; Area                ; Extra Information ;
+--------------+-----------+-----------------------------------+------------------------------------------------------------------------------------+----------+--------------------------------------------------------------------------+---------------------+-------------------+
; Inapplicable ; IO_000002 ; Capacity Checks                   ; Number of clocks in an I/O bank should not exceed the number of clocks available.  ; Critical ; No Global Signal assignments found.                                      ; I/O                 ;                   ;
; Inapplicable ; IO_000001 ; Capacity Checks                   ; Number of pins in an I/O bank should not exceed the number of locations available. ; Critical ; No Location assignments found.                                           ; I/O                 ;                   ;
; Inapplicable ; IO_000003 ; Capacity Checks                   ; Number of pins in a Vrefgroup should not exceed the number of locations available. ; Critical ; No Location assignments found.                                           ; I/O                 ;                   ;
; Inapplicable ; IO_000004 ; Voltage Compatibility Checks      ; The I/O bank should support the requested VCCIO.                                   ; Critical ; No IOBANK_VCCIO assignments found.                                       ; I/O                 ;                   ;
; Inapplicable ; IO_000005 ; Voltage Compatibility Checks      ; The I/O bank should not have competing VREF values.                                ; Critical ; No VREF I/O Standard assignments found.                                  ; I/O                 ;                   ;
; Pass         ; IO_000006 ; Voltage Compatibility Checks      ; The I/O bank should not have competing VCCIO values.                               ; Critical ; 0 such failures found.                                                   ; I/O                 ;                   ;
; Inapplicable ; IO_000007 ; Valid Location Checks             ; Checks for unavailable locations.                                                  ; Critical ; No Location assignments found.                                           ; I/O                 ;                   ;
; Inapplicable ; IO_000008 ; Valid Location Checks             ; Checks for reserved locations.                                                     ; Critical ; No reserved LogicLock region found.                                      ; I/O                 ;                   ;
; Inapplicable ; IO_000047 ; I/O Properties Checks for One I/O ; On Chip Termination and Slew Rate should not be used at the same time.             ; Critical ; No Slew Rate assignments found.                                          ; I/O                 ;                   ;
; Inapplicable ; IO_000046 ; I/O Properties Checks for One I/O ; The location should support the requested Slew Rate value.                         ; Critical ; No Slew Rate assignments found.                                          ; I/O                 ;                   ;
; Inapplicable ; IO_000045 ; I/O Properties Checks for One I/O ; The I/O standard should support the requested Slew Rate value.                     ; Critical ; No Slew Rate assignments found.                                          ; I/O                 ;                   ;
; Inapplicable ; IO_000027 ; I/O Properties Checks for One I/O ; Weak Pull Up and Bus Hold should not be used at the same time.                     ; Critical ; No Enable Bus-Hold Circuitry or Weak Pull-Up Resistor assignments found. ; I/O                 ;                   ;
; Inapplicable ; IO_000026 ; I/O Properties Checks for One I/O ; On Chip Termination and Current Strength should not be used at the same time.      ; Critical ; No Current Strength assignments found.                                   ; I/O                 ;                   ;
; Pass         ; IO_000024 ; I/O Properties Checks for One I/O ; The I/O direction should support the On Chip Termination value.                    ; Critical ; 0 such failures found.                                                   ; I/O                 ;                   ;
; Inapplicable ; IO_000023 ; I/O Properties Checks for One I/O ; The I/O standard should support the Open Drain value.                              ; Critical ; No open drain assignments found.                                         ; I/O                 ;                   ;
; Inapplicable ; IO_000022 ; I/O Properties Checks for One I/O ; The I/O standard should support the requested Bus Hold value.                      ; Critical ; No Enable Bus-Hold Circuitry assignments found.                          ; I/O                 ;                   ;
; Inapplicable ; IO_000021 ; I/O Properties Checks for One I/O ; The I/O standard should support the requested Weak Pull Up value.                  ; Critical ; No Weak Pull-Up Resistor assignments found.                              ; I/O                 ;                   ;
; Inapplicable ; IO_000020 ; I/O Properties Checks for One I/O ; The I/O standard should support the requested PCI Clamp Diode.                     ; Critical ; No Clamping Diode assignments found.                                     ; I/O                 ;                   ;
; Pass         ; IO_000019 ; I/O Properties Checks for One I/O ; The I/O standard should support the requested On Chip Termination value.           ; Critical ; 0 such failures found.                                                   ; I/O                 ;                   ;
; Inapplicable ; IO_000018 ; I/O Properties Checks for One I/O ; The I/O standard should support the requested Current Strength.                    ; Critical ; No Current Strength assignments found.                                   ; I/O                 ;                   ;
; Inapplicable ; IO_000015 ; I/O Properties Checks for One I/O ; The location should support the requested PCI Clamp Diode.                         ; Critical ; No Clamping Diode assignments found.                                     ; I/O                 ;                   ;
; Inapplicable ; IO_000014 ; I/O Properties Checks for One I/O ; The location should support the requested Weak Pull Up value.                      ; Critical ; No Weak Pull-Up Resistor assignments found.                              ; I/O                 ;                   ;
; Inapplicable ; IO_000013 ; I/O Properties Checks for One I/O ; The location should support the requested Bus Hold value.                          ; Critical ; No Enable Bus-Hold Circuitry assignments found.                          ; I/O                 ;                   ;
; Pass         ; IO_000012 ; I/O Properties Checks for One I/O ; The location should support the requested On Chip Termination value.               ; Critical ; 0 such failures found.                                                   ; I/O                 ;                   ;
; Inapplicable ; IO_000011 ; I/O Properties Checks for One I/O ; The location should support the requested Current Strength.                        ; Critical ; No Current Strength assignments found.                                   ; I/O                 ;                   ;
; Pass         ; IO_000010 ; I/O Properties Checks for One I/O ; The location should support the requested I/O direction.                           ; Critical ; 0 such failures found.                                                   ; I/O                 ;                   ;
; Pass         ; IO_000009 ; I/O Properties Checks for One I/O ; The location should support the requested I/O standard.                            ; Critical ; 0 such failures found.                                                   ; I/O                 ;                   ;
; Inapplicable ; IO_000034 ; SI Related Distance Checks        ; Single-ended outputs should be 0 LAB row(s) away from a differential I/O.          ; High     ; No Differential I/O Standard assignments found.                          ; I/O                 ;                   ;
; ----         ; ----      ; Disclaimer                        ; OCT rules are checked but not reported.                                            ; None     ; ----                                                                     ; On Chip Termination ;                   ;
+--------------+-----------+-----------------------------------+------------------------------------------------------------------------------------+----------+--------------------------------------------------------------------------+---------------------+-------------------+


+-----------------------------------------------------------------------------------------------------------------------------------------------------------------------------------------------------------------------------------------------------------------------------------------------------------------------------------------------------------------------------------------------------------------------------------------------+
; I/O Rules Matrix                                                                                                                                                                                                                                                                                                                                                                                                                              ;
+--------------------+--------------+--------------+--------------+--------------+--------------+-----------+--------------+--------------+--------------+--------------+--------------+--------------+--------------+--------------+--------------+--------------+--------------+--------------+--------------+--------------+--------------+--------------+--------------+--------------+--------------+-----------+-----------+--------------+
; Pin/Rules          ; IO_000002    ; IO_000001    ; IO_000003    ; IO_000004    ; IO_000005    ; IO_000006 ; IO_000007    ; IO_000008    ; IO_000047    ; IO_000046    ; IO_000045    ; IO_000027    ; IO_000026    ; IO_000024    ; IO_000023    ; IO_000022    ; IO_000021    ; IO_000020    ; IO_000019    ; IO_000018    ; IO_000015    ; IO_000014    ; IO_000013    ; IO_000012    ; IO_000011    ; IO_000010 ; IO_000009 ; IO_000034    ;
+--------------------+--------------+--------------+--------------+--------------+--------------+-----------+--------------+--------------+--------------+--------------+--------------+--------------+--------------+--------------+--------------+--------------+--------------+--------------+--------------+--------------+--------------+--------------+--------------+--------------+--------------+-----------+-----------+--------------+
; Total Pass         ; 0            ; 0            ; 0            ; 0            ; 0            ; 34        ; 0            ; 0            ; 0            ; 0            ; 0            ; 0            ; 0            ; 16           ; 0            ; 0            ; 0            ; 0            ; 16           ; 0            ; 0            ; 0            ; 0            ; 16           ; 0            ; 34        ; 34        ; 0            ;
; Total Unchecked    ; 0            ; 0            ; 0            ; 0            ; 0            ; 0         ; 0            ; 0            ; 0            ; 0            ; 0            ; 0            ; 0            ; 0            ; 0            ; 0            ; 0            ; 0            ; 0            ; 0            ; 0            ; 0            ; 0            ; 0            ; 0            ; 0         ; 0         ; 0            ;
; Total Inapplicable ; 34           ; 34           ; 34           ; 34           ; 34           ; 0         ; 34           ; 34           ; 34           ; 34           ; 34           ; 34           ; 34           ; 18           ; 34           ; 34           ; 34           ; 34           ; 18           ; 34           ; 34           ; 34           ; 34           ; 18           ; 34           ; 0         ; 0         ; 34           ;
; Total Fail         ; 0            ; 0            ; 0            ; 0            ; 0            ; 0         ; 0            ; 0            ; 0            ; 0            ; 0            ; 0            ; 0            ; 0            ; 0            ; 0            ; 0            ; 0            ; 0            ; 0            ; 0            ; 0            ; 0            ; 0            ; 0            ; 0         ; 0         ; 0            ;
; pc_out[0]          ; Inapplicable ; Inapplicable ; Inapplicable ; Inapplicable ; Inapplicable ; Pass      ; Inapplicable ; Inapplicable ; Inapplicable ; Inapplicable ; Inapplicable ; Inapplicable ; Inapplicable ; Pass         ; Inapplicable ; Inapplicable ; Inapplicable ; Inapplicable ; Pass         ; Inapplicable ; Inapplicable ; Inapplicable ; Inapplicable ; Pass         ; Inapplicable ; Pass      ; Pass      ; Inapplicable ;
; pc_out[1]          ; Inapplicable ; Inapplicable ; Inapplicable ; Inapplicable ; Inapplicable ; Pass      ; Inapplicable ; Inapplicable ; Inapplicable ; Inapplicable ; Inapplicable ; Inapplicable ; Inapplicable ; Pass         ; Inapplicable ; Inapplicable ; Inapplicable ; Inapplicable ; Pass         ; Inapplicable ; Inapplicable ; Inapplicable ; Inapplicable ; Pass         ; Inapplicable ; Pass      ; Pass      ; Inapplicable ;
; pc_out[2]          ; Inapplicable ; Inapplicable ; Inapplicable ; Inapplicable ; Inapplicable ; Pass      ; Inapplicable ; Inapplicable ; Inapplicable ; Inapplicable ; Inapplicable ; Inapplicable ; Inapplicable ; Pass         ; Inapplicable ; Inapplicable ; Inapplicable ; Inapplicable ; Pass         ; Inapplicable ; Inapplicable ; Inapplicable ; Inapplicable ; Pass         ; Inapplicable ; Pass      ; Pass      ; Inapplicable ;
; pc_out[3]          ; Inapplicable ; Inapplicable ; Inapplicable ; Inapplicable ; Inapplicable ; Pass      ; Inapplicable ; Inapplicable ; Inapplicable ; Inapplicable ; Inapplicable ; Inapplicable ; Inapplicable ; Pass         ; Inapplicable ; Inapplicable ; Inapplicable ; Inapplicable ; Pass         ; Inapplicable ; Inapplicable ; Inapplicable ; Inapplicable ; Pass         ; Inapplicable ; Pass      ; Pass      ; Inapplicable ;
; pc_out[4]          ; Inapplicable ; Inapplicable ; Inapplicable ; Inapplicable ; Inapplicable ; Pass      ; Inapplicable ; Inapplicable ; Inapplicable ; Inapplicable ; Inapplicable ; Inapplicable ; Inapplicable ; Pass         ; Inapplicable ; Inapplicable ; Inapplicable ; Inapplicable ; Pass         ; Inapplicable ; Inapplicable ; Inapplicable ; Inapplicable ; Pass         ; Inapplicable ; Pass      ; Pass      ; Inapplicable ;
; pc_out[5]          ; Inapplicable ; Inapplicable ; Inapplicable ; Inapplicable ; Inapplicable ; Pass      ; Inapplicable ; Inapplicable ; Inapplicable ; Inapplicable ; Inapplicable ; Inapplicable ; Inapplicable ; Pass         ; Inapplicable ; Inapplicable ; Inapplicable ; Inapplicable ; Pass         ; Inapplicable ; Inapplicable ; Inapplicable ; Inapplicable ; Pass         ; Inapplicable ; Pass      ; Pass      ; Inapplicable ;
; pc_out[6]          ; Inapplicable ; Inapplicable ; Inapplicable ; Inapplicable ; Inapplicable ; Pass      ; Inapplicable ; Inapplicable ; Inapplicable ; Inapplicable ; Inapplicable ; Inapplicable ; Inapplicable ; Pass         ; Inapplicable ; Inapplicable ; Inapplicable ; Inapplicable ; Pass         ; Inapplicable ; Inapplicable ; Inapplicable ; Inapplicable ; Pass         ; Inapplicable ; Pass      ; Pass      ; Inapplicable ;
; pc_out[7]          ; Inapplicable ; Inapplicable ; Inapplicable ; Inapplicable ; Inapplicable ; Pass      ; Inapplicable ; Inapplicable ; Inapplicable ; Inapplicable ; Inapplicable ; Inapplicable ; Inapplicable ; Pass         ; Inapplicable ; Inapplicable ; Inapplicable ; Inapplicable ; Pass         ; Inapplicable ; Inapplicable ; Inapplicable ; Inapplicable ; Pass         ; Inapplicable ; Pass      ; Pass      ; Inapplicable ;
; pc_out[8]          ; Inapplicable ; Inapplicable ; Inapplicable ; Inapplicable ; Inapplicable ; Pass      ; Inapplicable ; Inapplicable ; Inapplicable ; Inapplicable ; Inapplicable ; Inapplicable ; Inapplicable ; Pass         ; Inapplicable ; Inapplicable ; Inapplicable ; Inapplicable ; Pass         ; Inapplicable ; Inapplicable ; Inapplicable ; Inapplicable ; Pass         ; Inapplicable ; Pass      ; Pass      ; Inapplicable ;
; pc_out[9]          ; Inapplicable ; Inapplicable ; Inapplicable ; Inapplicable ; Inapplicable ; Pass      ; Inapplicable ; Inapplicable ; Inapplicable ; Inapplicable ; Inapplicable ; Inapplicable ; Inapplicable ; Pass         ; Inapplicable ; Inapplicable ; Inapplicable ; Inapplicable ; Pass         ; Inapplicable ; Inapplicable ; Inapplicable ; Inapplicable ; Pass         ; Inapplicable ; Pass      ; Pass      ; Inapplicable ;
; pc_out[10]         ; Inapplicable ; Inapplicable ; Inapplicable ; Inapplicable ; Inapplicable ; Pass      ; Inapplicable ; Inapplicable ; Inapplicable ; Inapplicable ; Inapplicable ; Inapplicable ; Inapplicable ; Pass         ; Inapplicable ; Inapplicable ; Inapplicable ; Inapplicable ; Pass         ; Inapplicable ; Inapplicable ; Inapplicable ; Inapplicable ; Pass         ; Inapplicable ; Pass      ; Pass      ; Inapplicable ;
; pc_out[11]         ; Inapplicable ; Inapplicable ; Inapplicable ; Inapplicable ; Inapplicable ; Pass      ; Inapplicable ; Inapplicable ; Inapplicable ; Inapplicable ; Inapplicable ; Inapplicable ; Inapplicable ; Pass         ; Inapplicable ; Inapplicable ; Inapplicable ; Inapplicable ; Pass         ; Inapplicable ; Inapplicable ; Inapplicable ; Inapplicable ; Pass         ; Inapplicable ; Pass      ; Pass      ; Inapplicable ;
; pc_out[12]         ; Inapplicable ; Inapplicable ; Inapplicable ; Inapplicable ; Inapplicable ; Pass      ; Inapplicable ; Inapplicable ; Inapplicable ; Inapplicable ; Inapplicable ; Inapplicable ; Inapplicable ; Pass         ; Inapplicable ; Inapplicable ; Inapplicable ; Inapplicable ; Pass         ; Inapplicable ; Inapplicable ; Inapplicable ; Inapplicable ; Pass         ; Inapplicable ; Pass      ; Pass      ; Inapplicable ;
; pc_out[13]         ; Inapplicable ; Inapplicable ; Inapplicable ; Inapplicable ; Inapplicable ; Pass      ; Inapplicable ; Inapplicable ; Inapplicable ; Inapplicable ; Inapplicable ; Inapplicable ; Inapplicable ; Pass         ; Inapplicable ; Inapplicable ; Inapplicable ; Inapplicable ; Pass         ; Inapplicable ; Inapplicable ; Inapplicable ; Inapplicable ; Pass         ; Inapplicable ; Pass      ; Pass      ; Inapplicable ;
; pc_out[14]         ; Inapplicable ; Inapplicable ; Inapplicable ; Inapplicable ; Inapplicable ; Pass      ; Inapplicable ; Inapplicable ; Inapplicable ; Inapplicable ; Inapplicable ; Inapplicable ; Inapplicable ; Pass         ; Inapplicable ; Inapplicable ; Inapplicable ; Inapplicable ; Pass         ; Inapplicable ; Inapplicable ; Inapplicable ; Inapplicable ; Pass         ; Inapplicable ; Pass      ; Pass      ; Inapplicable ;
; pc_out[15]         ; Inapplicable ; Inapplicable ; Inapplicable ; Inapplicable ; Inapplicable ; Pass      ; Inapplicable ; Inapplicable ; Inapplicable ; Inapplicable ; Inapplicable ; Inapplicable ; Inapplicable ; Pass         ; Inapplicable ; Inapplicable ; Inapplicable ; Inapplicable ; Pass         ; Inapplicable ; Inapplicable ; Inapplicable ; Inapplicable ; Pass         ; Inapplicable ; Pass      ; Pass      ; Inapplicable ;
; instruction_in[15] ; Inapplicable ; Inapplicable ; Inapplicable ; Inapplicable ; Inapplicable ; Pass      ; Inapplicable ; Inapplicable ; Inapplicable ; Inapplicable ; Inapplicable ; Inapplicable ; Inapplicable ; Inapplicable ; Inapplicable ; Inapplicable ; Inapplicable ; Inapplicable ; Inapplicable ; Inapplicable ; Inapplicable ; Inapplicable ; Inapplicable ; Inapplicable ; Inapplicable ; Pass      ; Pass      ; Inapplicable ;
; instruction_in[14] ; Inapplicable ; Inapplicable ; Inapplicable ; Inapplicable ; Inapplicable ; Pass      ; Inapplicable ; Inapplicable ; Inapplicable ; Inapplicable ; Inapplicable ; Inapplicable ; Inapplicable ; Inapplicable ; Inapplicable ; Inapplicable ; Inapplicable ; Inapplicable ; Inapplicable ; Inapplicable ; Inapplicable ; Inapplicable ; Inapplicable ; Inapplicable ; Inapplicable ; Pass      ; Pass      ; Inapplicable ;
; instruction_in[12] ; Inapplicable ; Inapplicable ; Inapplicable ; Inapplicable ; Inapplicable ; Pass      ; Inapplicable ; Inapplicable ; Inapplicable ; Inapplicable ; Inapplicable ; Inapplicable ; Inapplicable ; Inapplicable ; Inapplicable ; Inapplicable ; Inapplicable ; Inapplicable ; Inapplicable ; Inapplicable ; Inapplicable ; Inapplicable ; Inapplicable ; Inapplicable ; Inapplicable ; Pass      ; Pass      ; Inapplicable ;
; instruction_in[13] ; Inapplicable ; Inapplicable ; Inapplicable ; Inapplicable ; Inapplicable ; Pass      ; Inapplicable ; Inapplicable ; Inapplicable ; Inapplicable ; Inapplicable ; Inapplicable ; Inapplicable ; Inapplicable ; Inapplicable ; Inapplicable ; Inapplicable ; Inapplicable ; Inapplicable ; Inapplicable ; Inapplicable ; Inapplicable ; Inapplicable ; Inapplicable ; Inapplicable ; Pass      ; Pass      ; Inapplicable ;
; instruction_in[0]  ; Inapplicable ; Inapplicable ; Inapplicable ; Inapplicable ; Inapplicable ; Pass      ; Inapplicable ; Inapplicable ; Inapplicable ; Inapplicable ; Inapplicable ; Inapplicable ; Inapplicable ; Inapplicable ; Inapplicable ; Inapplicable ; Inapplicable ; Inapplicable ; Inapplicable ; Inapplicable ; Inapplicable ; Inapplicable ; Inapplicable ; Inapplicable ; Inapplicable ; Pass      ; Pass      ; Inapplicable ;
; instruction_in[11] ; Inapplicable ; Inapplicable ; Inapplicable ; Inapplicable ; Inapplicable ; Pass      ; Inapplicable ; Inapplicable ; Inapplicable ; Inapplicable ; Inapplicable ; Inapplicable ; Inapplicable ; Inapplicable ; Inapplicable ; Inapplicable ; Inapplicable ; Inapplicable ; Inapplicable ; Inapplicable ; Inapplicable ; Inapplicable ; Inapplicable ; Inapplicable ; Inapplicable ; Pass      ; Pass      ; Inapplicable ;
; instruction_in[1]  ; Inapplicable ; Inapplicable ; Inapplicable ; Inapplicable ; Inapplicable ; Pass      ; Inapplicable ; Inapplicable ; Inapplicable ; Inapplicable ; Inapplicable ; Inapplicable ; Inapplicable ; Inapplicable ; Inapplicable ; Inapplicable ; Inapplicable ; Inapplicable ; Inapplicable ; Inapplicable ; Inapplicable ; Inapplicable ; Inapplicable ; Inapplicable ; Inapplicable ; Pass      ; Pass      ; Inapplicable ;
; instruction_in[2]  ; Inapplicable ; Inapplicable ; Inapplicable ; Inapplicable ; Inapplicable ; Pass      ; Inapplicable ; Inapplicable ; Inapplicable ; Inapplicable ; Inapplicable ; Inapplicable ; Inapplicable ; Inapplicable ; Inapplicable ; Inapplicable ; Inapplicable ; Inapplicable ; Inapplicable ; Inapplicable ; Inapplicable ; Inapplicable ; Inapplicable ; Inapplicable ; Inapplicable ; Pass      ; Pass      ; Inapplicable ;
; instruction_in[3]  ; Inapplicable ; Inapplicable ; Inapplicable ; Inapplicable ; Inapplicable ; Pass      ; Inapplicable ; Inapplicable ; Inapplicable ; Inapplicable ; Inapplicable ; Inapplicable ; Inapplicable ; Inapplicable ; Inapplicable ; Inapplicable ; Inapplicable ; Inapplicable ; Inapplicable ; Inapplicable ; Inapplicable ; Inapplicable ; Inapplicable ; Inapplicable ; Inapplicable ; Pass      ; Pass      ; Inapplicable ;
; instruction_in[4]  ; Inapplicable ; Inapplicable ; Inapplicable ; Inapplicable ; Inapplicable ; Pass      ; Inapplicable ; Inapplicable ; Inapplicable ; Inapplicable ; Inapplicable ; Inapplicable ; Inapplicable ; Inapplicable ; Inapplicable ; Inapplicable ; Inapplicable ; Inapplicable ; Inapplicable ; Inapplicable ; Inapplicable ; Inapplicable ; Inapplicable ; Inapplicable ; Inapplicable ; Pass      ; Pass      ; Inapplicable ;
; clk                ; Inapplicable ; Inapplicable ; Inapplicable ; Inapplicable ; Inapplicable ; Pass      ; Inapplicable ; Inapplicable ; Inapplicable ; Inapplicable ; Inapplicable ; Inapplicable ; Inapplicable ; Inapplicable ; Inapplicable ; Inapplicable ; Inapplicable ; Inapplicable ; Inapplicable ; Inapplicable ; Inapplicable ; Inapplicable ; Inapplicable ; Inapplicable ; Inapplicable ; Pass      ; Pass      ; Inapplicable ;
; reset              ; Inapplicable ; Inapplicable ; Inapplicable ; Inapplicable ; Inapplicable ; Pass      ; Inapplicable ; Inapplicable ; Inapplicable ; Inapplicable ; Inapplicable ; Inapplicable ; Inapplicable ; Inapplicable ; Inapplicable ; Inapplicable ; Inapplicable ; Inapplicable ; Inapplicable ; Inapplicable ; Inapplicable ; Inapplicable ; Inapplicable ; Inapplicable ; Inapplicable ; Pass      ; Pass      ; Inapplicable ;
; instruction_in[7]  ; Inapplicable ; Inapplicable ; Inapplicable ; Inapplicable ; Inapplicable ; Pass      ; Inapplicable ; Inapplicable ; Inapplicable ; Inapplicable ; Inapplicable ; Inapplicable ; Inapplicable ; Inapplicable ; Inapplicable ; Inapplicable ; Inapplicable ; Inapplicable ; Inapplicable ; Inapplicable ; Inapplicable ; Inapplicable ; Inapplicable ; Inapplicable ; Inapplicable ; Pass      ; Pass      ; Inapplicable ;
; instruction_in[6]  ; Inapplicable ; Inapplicable ; Inapplicable ; Inapplicable ; Inapplicable ; Pass      ; Inapplicable ; Inapplicable ; Inapplicable ; Inapplicable ; Inapplicable ; Inapplicable ; Inapplicable ; Inapplicable ; Inapplicable ; Inapplicable ; Inapplicable ; Inapplicable ; Inapplicable ; Inapplicable ; Inapplicable ; Inapplicable ; Inapplicable ; Inapplicable ; Inapplicable ; Pass      ; Pass      ; Inapplicable ;
; instruction_in[8]  ; Inapplicable ; Inapplicable ; Inapplicable ; Inapplicable ; Inapplicable ; Pass      ; Inapplicable ; Inapplicable ; Inapplicable ; Inapplicable ; Inapplicable ; Inapplicable ; Inapplicable ; Inapplicable ; Inapplicable ; Inapplicable ; Inapplicable ; Inapplicable ; Inapplicable ; Inapplicable ; Inapplicable ; Inapplicable ; Inapplicable ; Inapplicable ; Inapplicable ; Pass      ; Pass      ; Inapplicable ;
; instruction_in[9]  ; Inapplicable ; Inapplicable ; Inapplicable ; Inapplicable ; Inapplicable ; Pass      ; Inapplicable ; Inapplicable ; Inapplicable ; Inapplicable ; Inapplicable ; Inapplicable ; Inapplicable ; Inapplicable ; Inapplicable ; Inapplicable ; Inapplicable ; Inapplicable ; Inapplicable ; Inapplicable ; Inapplicable ; Inapplicable ; Inapplicable ; Inapplicable ; Inapplicable ; Pass      ; Pass      ; Inapplicable ;
; instruction_in[10] ; Inapplicable ; Inapplicable ; Inapplicable ; Inapplicable ; Inapplicable ; Pass      ; Inapplicable ; Inapplicable ; Inapplicable ; Inapplicable ; Inapplicable ; Inapplicable ; Inapplicable ; Inapplicable ; Inapplicable ; Inapplicable ; Inapplicable ; Inapplicable ; Inapplicable ; Inapplicable ; Inapplicable ; Inapplicable ; Inapplicable ; Inapplicable ; Inapplicable ; Pass      ; Pass      ; Inapplicable ;
; instruction_in[5]  ; Inapplicable ; Inapplicable ; Inapplicable ; Inapplicable ; Inapplicable ; Pass      ; Inapplicable ; Inapplicable ; Inapplicable ; Inapplicable ; Inapplicable ; Inapplicable ; Inapplicable ; Inapplicable ; Inapplicable ; Inapplicable ; Inapplicable ; Inapplicable ; Inapplicable ; Inapplicable ; Inapplicable ; Inapplicable ; Inapplicable ; Inapplicable ; Inapplicable ; Pass      ; Pass      ; Inapplicable ;
+--------------------+--------------+--------------+--------------+--------------+--------------+-----------+--------------+--------------+--------------+--------------+--------------+--------------+--------------+--------------+--------------+--------------+--------------+--------------+--------------+--------------+--------------+--------------+--------------+--------------+--------------+-----------+-----------+--------------+


+------------------------------------------------------------------------------------------------+
; Fitter Device Options                                                                          ;
+------------------------------------------------------------------+-----------------------------+
; Option                                                           ; Setting                     ;
+------------------------------------------------------------------+-----------------------------+
; Enable user-supplied start-up clock (CLKUSR)                     ; Off                         ;
; Enable device-wide reset (DEV_CLRn)                              ; Off                         ;
; Enable device-wide output enable (DEV_OE)                        ; Off                         ;
; Enable INIT_DONE output                                          ; Off                         ;
; Configuration scheme                                             ; Passive Serial              ;
; Enable Error Detection CRC_ERROR pin                             ; Off                         ;
; Enable CvP_CONFDONE pin                                          ; Off                         ;
; Enable open drain on CRC_ERROR pin                               ; On                          ;
; Enable open drain on CvP_CONFDONE pin                            ; On                          ;
; Enable open drain on INIT_DONE pin                               ; On                          ;
; Enable open drain on Partial Reconfiguration pins                ; Off                         ;
; Enable open drain on nCEO pin                                    ; On                          ;
; Enable Partial Reconfiguration pins                              ; Off                         ;
; Enable input tri-state on active configuration pins in user mode ; Off                         ;
; Enable internal scrubbing                                        ; Off                         ;
; Active Serial clock source                                       ; 100 MHz Internal Oscillator ;
; Device initialization clock source                               ; Internal Oscillator         ;
; Configuration via Protocol                                       ; Off                         ;
; Configuration Voltage Level                                      ; Auto                        ;
; Force Configuration Voltage Level                                ; Off                         ;
; Enable nCEO output                                               ; Off                         ;
; Data[15..8]                                                      ; Unreserved                  ;
; Data[7..5]                                                       ; Unreserved                  ;
; Base pin-out file on sameframe device                            ; Off                         ;
+------------------------------------------------------------------+-----------------------------+


+------------------------------------+
; Operating Settings and Conditions  ;
+---------------------------+--------+
; Setting                   ; Value  ;
+---------------------------+--------+
; Nominal Core Voltage      ; 1.10 V ;
; Low Junction Temperature  ; 0 °C   ;
; High Junction Temperature ; 85 °C  ;
+---------------------------+--------+


+------------------------------------------------------------+
; Estimated Delay Added for Hold Timing Summary              ;
+-----------------+----------------------+-------------------+
; Source Clock(s) ; Destination Clock(s) ; Delay Added in ns ;
+-----------------+----------------------+-------------------+
Note: For more information on problematic transfers, consider running the Fitter again with the Optimize hold timing option (Settings Menu) turned off.
This will disable optimization of problematic paths and expose them for further analysis using the Timing Analyzer.


+-------------------------------------------------------------------------+
; Estimated Delay Added for Hold Timing Details                           ;
+------------------------------+----------------------+-------------------+
; Source Register              ; Destination Register ; Delay Added in ns ;
+------------------------------+----------------------+-------------------+
; fetch:u_fetch|return_addr[2] ; fetch:u_fetch|pc[2]  ; 0.310             ;
; fetch:u_fetch|return_addr[7] ; fetch:u_fetch|pc[7]  ; 0.139             ;
+------------------------------+----------------------+-------------------+
Note: This table only shows the top 2 path(s) that have the largest delay added for hold.


+-----------------+
; Fitter Messages ;
+-----------------+
Warning (18236): Number of processors has not been specified which may cause overloading on shared machines.  Set the global assignment NUM_PARALLEL_PROCESSORS in your QSF to an appropriate value for best performance.
Info (20030): Parallel compilation is enabled and will use 14 of the 14 processors detected
Info (119006): Selected device 5CGXFC7C7F23C8 for design "cpu_top"
Info (21077): Low junction temperature is 0 degrees C
Info (21077): High junction temperature is 85 degrees C
Info (171003): Fitter is performing an Auto Fit compilation, which may decrease Fitter effort to reduce compilation time
Warning (292013): Feature LogicLock is only available with a valid subscription license. You can purchase a software subscription to gain full access to this feature.
Warning (15714): Some pins have incomplete I/O assignments. Refer to the I/O Assignment Warnings report for details
Critical Warning (169085): No exact pin location assignment(s) for 34 pins of 34 total pins. For the list of pins please refer to the I/O Assignment Warnings table in the fitter report.
Info (184020): Starting Fitter periphery placement operations
Info (11191): Automatically promoted 1 clock (1 global)
    Info (11162): clk~inputCLKENA0 with 4256 fanout uses global clock CLKCTRL_G10
Info (184021): Fitter periphery placement operations ending: elapsed time is 00:00:00
Info (176233): Starting register packing
Critical Warning (332012): Synopsys Design Constraints File file not found: 'cpu_top.sdc'. A Synopsys Design Constraints File is required by the Timing Analyzer to get proper timing constraints. Without it, the Compiler will not properly optimize the design.
Info (332144): No user constrained base clocks found in the design
Info (332143): No user constrained clock uncertainty found in the design. Calling "derive_clock_uncertainty"
Info (332123): Deriving Clock Uncertainty. Please refer to report_sdc in the Timing Analyzer to see clock uncertainties.
Info (332130): Timing requirements not specified -- quality metrics such as performance may be sacrificed to reduce compilation time.
Info (176235): Finished register packing
    Extra Info (176219): No registers were packed into other blocks
Info (11798): Fitter preparation operations ending: elapsed time is 00:00:06
Info (170189): Fitter placement preparation operations beginning
Info (14951): The Fitter is using Advanced Physical Optimization.
Info (170190): Fitter placement preparation operations ending: elapsed time is 00:00:17
Info (170191): Fitter placement operations beginning
Info (170137): Fitter placement was successful
Info (170192): Fitter placement operations ending: elapsed time is 00:00:07
Info (170193): Fitter routing operations beginning
Info (170195): Router estimated average interconnect usage is 2% of the available device resources
    Info (170196): Router estimated peak interconnect usage is 33% of the available device resources in the region that extends from location X56_Y11 to location X66_Y22
Info (170199): The Fitter performed an Auto Fit compilation.  Optimizations were skipped to reduce compilation time.
    Info (170201): Optimizations that may affect the design's routability were skipped
Info (170194): Fitter routing operations ending: elapsed time is 00:00:59
Info (11888): Total time spent on timing analysis during the Fitter is 6.52 seconds.
Info (334003): Started post-fitting delay annotation
Info (334004): Delay annotation completed successfully
Info (334003): Started post-fitting delay annotation
Info (334004): Delay annotation completed successfully
Info (11801): Fitter post-fit operations ending: elapsed time is 00:00:08
Info: Quartus Prime Fitter was successful. 0 errors, 5 warnings
    Info: Peak virtual memory: 2711 megabytes
    Info: Processing ended: Fri Sep 25 19:09:43 2026
    Info: Elapsed time: 00:02:08
    Info: Total CPU time (on all processors): 00:10:30


